col_0,col_1,col_2,col_3,col_4,anomaly
-0.1312324104791023,2.4752753387173505,0.056728266594556515,4.521030173216168,-2.0653039407161344,0
0.3987358609968449,2.314623804161631,0.4348565208601297,4.409330432768899,-1.5185437896952825,0
0.8091081963448463,2.193716387092815,0.7511060028025965,4.052220245052301,-1.240245218399981,0
1.0078879561539287,1.801114510002323,1.0661374327895623,3.9678122853502398,-1.0365668260223244,0
1.340090947274365,1.2058587041174713,1.2325383911192416,3.0640386224377982,-0.7532190892818618,0
1.4651511875473089,0.8007723291587125,1.4781542334490796,2.7571221262869243,-0.33360400400926693,0
1.5136285678340122,0.04851886152748463,1.5657961140070018,2.102088208918755,-0.5030393205328738,0
1.393177626300411,-0.41615138160959364,1.5574095837189268,1.6102951656393305,-0.5549414328613682,0
1.3430283913872911,-1.352605497910646,1.4520064414238196,0.826857932772014,-0.5669336100810605,0
1.1748949724841875,-1.5732905244014694,1.046561944348984,4.227870349026688,-0.8917373896150806,1
0.8473258545260131,-2.0948976260557677,0.905774398857615,2.7519575105851892,-1.162242583903982,1
0.5848240906362334,-2.3743517940386414,0.3694098265709663,0.9706689041810905,-1.3895273164700672,1
0.1442302215722563,-2.29429994926949,0.26100287866621097,-0.12995511474763344,-1.8696381082370002,1
-0.12673631997002305,-2.525013859830187,-0.2361859348526968,-0.2312076415986053,-2.2852769289866472,1
-0.5017327685987929,-2.279887352976367,-0.5302243867591341,0.9188096888320527,-2.4968690289620517,1
-0.8895087141930071,-1.893632211337122,-0.9164764730899039,2.7447746473981454,-2.8252089962244087,1
-1.1956158924275773,-1.4032420877704155,-1.1267648411484399,4.24458192604984,-3.328733584749755,1
-1.2800106273140286,-1.1915083679352585,-1.3068033455090289,4.472738843144331,-3.417936056203812,1
-1.5062910477958642,-0.327401442481065,-1.5552540725691513,3.521803430548327,-3.491200929503056,1
-1.5809139611115648,0.04107022390231252,-1.536565349157307,2.386067977589441,-3.4727470488420655,0
-1.3051611498920859,0.623446063058722,-1.4494149878874332,2.8936555556540347,-3.346179611156869,0
-1.1508715001645171,1.511424414639978,-1.208680505749793,3.360913353943487,-3.2600081202503244,0
-1.0457115943340234,1.7345169496702615,-1.0445019816331533,3.910920866007766,-3.017543178550239,0
-0.7858131915214203,2.221292583959155,-0.7359642305406111,4.353467978176581,-2.802297711236266,0
-0.35919592895498603,2.550501141668955,-0.2013871838972885,4.4686361558279915,-2.435637629603795,0
0.07028116508317239,2.7021174877737133,-0.18967106331635047,4.4015123588498835,-1.9326213445623186,0
0.427859856534893,2.414604123164157,0.41561634730450214,4.537484447201867,-1.7095017652194961,0
0.8247472205384734,2.1597652815756585,0.7281469524696522,4.444932114742596,-1.229829177813546,0
1.0023528044528613,1.7728309498206345,1.0829449728973173,3.8950794323021136,-1.0418246274567655,0
1.270667589367131,1.335373609030158,1.335091136486369,3.534657415420213,-0.8308184933989227,0
1.4432647450843785,0.9016572416768751,1.5205021416397781,2.7817564330643183,-0.6058311070362501,0
1.388798818000507,-0.09175148116900314,1.4306854475495072,2.1541817099301657,-0.42350074359669776,0
1.41670445317345,-0.5032075011030788,1.561601587149008,1.6172444752514534,-0.6885385276920846,0
1.4184746295254753,-0.9687363006491103,1.3932177943333233,0.9080426340875989,-0.6222388585585394,0
1.2120532212787463,-1.5005412783713927,1.1115223066087236,0.1478287137087846,-0.8278882016866533,0
0.8474818588786098,-2.237941651433036,0.9463405473260678,0.05665915315372061,-1.0376265526997872,0
0.6414084991292014,-2.1956421614314934,0.4417375445585844,-0.6170569042708562,-1.4426104146762428,0
0.06120358836768554,-2.472822406949578,0.23692311522379872,-0.5327675132295009,-1.7770012499248917,0
-0.2897297790110559,-2.59706373298075,-0.19937659774235733,-0.3531218572079222,-2.3026588749517938,0
-0.6446194175706379,-2.457246356831681,-0.4514440627929238,-0.37307965728893144,-2.621609708434353,0
-0.9225108155641442,-2.1012232185160364,-0.9311391831234295,-0.11470025613453538,-2.931412852033322,0
-1.2058827444246907,-1.6313455274794366,-1.1864497986465294,0.4056152501923238,-3.3263251181935436,0
-1.3566919864568616,-0.9344933670519453,-1.3826341148782562,0.9701146400927632,-3.269730726561728,0
-1.5194012812538955,-0.5848244930608876,-1.503177277496957,1.4583882464683995,-3.5278008569156496,0
-1.399558987035759,-0.002727336256745233,-1.6064082311139072,2.4421353122485976,-3.441454553793543,0
-1.556566946216726,0.6545024826949996,-1.427402768855326,2.916732471819321,-3.501735780512284,0
-1.340240145687745,1.2997160595774413,-1.3239848614286205,3.50172330452491,-3.3213667663923934,0
-1.0000075774054804,1.5618877081091678,-0.9636577221188455,3.794558253045272,-2.9820970822355934,0
-0.8436488988642352,2.3495556431962235,-0.6632395710462355,4.233793382989482,-2.682404677850074,0
-0.26273129075137114,2.425317621944158,-0.4718569101476792,4.171672641867548,-2.4764767519574,0
-0.08910131979882703,2.5816469815179133,0.0009864777418422395,4.5689425226757585,-1.9895684937084126,0
0.3318038662321202,2.491251265607081,0.3845270828257823,4.317120373499261,-1.6318036514162424,0
0.6521270490367156,2.207816392183838,0.663650883871685,4.089438473581019,-1.2845149565231309,0
0.9647257315655933,1.7802542671614365,1.1294285503281227,3.835399988816693,-0.9478328233574664,0
1.2746566483405493,1.1724213560868488,1.2667925479180409,3.303499446176887,-0.6149491549336843,0
1.464670493729655,0.721106116892065,1.4605743397697288,2.6563552754209576,-0.6255656980714999,0
1.4323730416541216,0.14350427457788423,1.4665616908975585,2.2130748972699563,-0.3839282370770387,0
1.5671411067975565,-0.40308861607043894,1.5247398377925436,1.4620381936025495,-0.4965362652910066,0
1.351269735255224,-0.9449294815816496,1.573538272582217,1.0992958115564724,-0.6908955153678766,0
1.0890400030688054,-1.4431449002923058,1.111655706028188,0.3206405424384642,-0.8961768006489708,0
0.8155429992274821,-2.144571426164984,0.9090697839769059,-0.16419839482122223,-1.1605288125666855,0
0.5535847502386193,-2.3338352860229943,0.5764200416311739,-0.34498268125605147,-1.4830246733283579,0
0.20583819699072786,-2.436185930430804,0.231680170196976,-0.3477253553598305,-1.8827235594006968,0
-0.18698370919931112,-2.4741570705926925,-0.1886341618114586,-0.5464929411049928,-2.21489883666802,0
-0.6748515339805796,-2.1636890313329245,-0.68146068656257,-0.3770432909384924,-2.508584891051974,0
-0.9599936192669076,-2.0559456486147503,-0.9585931725462351,-0.3466736594152682,-2.8732622579848694,0
-1.1097919480371192,-1.4280302216096872,-1.1156502946325262,0.44240016036171115,-3.035858910897142,0
-1.3020251876997426,-1.0978972191344285,-1.480992468310856,1.0368257263691032,-3.3344176527293947,0
-1.3964117681380492,-0.5271290643003039,-1.4232598279132227,1.5442889194424076,-3.4037732211260305,0
-1.6044543884718268,-0.021243236357507793,-1.4760159198796272,2.1219125948418616,-3.638794910718457,0
-1.5646738969567342,0.8732289992057346,-1.3963809609928974,2.7003208963015606,-3.352245940020871,0
-1.2390348962904736,1.508913129929631,-1.2218525246525074,3.309165598074148,-3.2254211519307256,0
-1.0517039440219937,1.925616466236907,-1.030187778053925,3.6358565468508894,-2.9227626542867977,0
-0.7743218595093017,2.158430501300722,-0.6742295279214093,4.221022429530649,-2.6574062763000406,0
-0.22043926363441113,2.516145343374472,-0.4575942669892481,4.244827811854899,-2.332396881364501,0
-0.041303580893595565,2.4119430371126214,0.016838581554956596,4.381833173487676,-1.9572008551527362,0
0.42931883052179737,2.5728727162446967,0.38096315201298825,4.611727010318017,-1.647045870308006,0
0.6246060857215114,1.9604874283553342,0.6475295023493042,4.440850703120251,-1.2479374371852212,0
1.0703636590776058,1.7763908730375852,1.01285703555232,3.740374195407126,-1.0266265940243393,0
1.1836526563033511,1.14606791702123,1.4163382520856782,3.2804528381954334,-0.8273393007326881,0
1.4783438847095831,0.7160834521059929,1.4695265308125225,2.9908245257217665,-0.43921051010709466,0
1.5485568476027878,0.01478349899131138,1.3943863775621042,2.337362246755128,-0.531866960484396,0
1.3559293113746538,-0.48543788049895964,1.386601872633571,1.4166155654402683,-0.5520224139068124,0
1.4251136378090292,-0.9851508421890497,1.4371775459334697,1.0718208826677074,-0.677662680095696,0
1.2141815441129133,-1.5952547141255318,1.031645104220948,0.5430104458755995,-0.9083099914939656,0
0.9137953437334619,-1.975555382521378,0.9924630321102794,-0.06306126071091,-1.104941926617306,0
0.5603522282693587,-2.3540140088280994,0.48222225836694743,-0.22147713870532026,-1.43001479739392,0
0.19012112295818706,-2.357894086280414,0.19778141914049346,-0.2359048228014342,-1.756291187195571,0
-0.23141178720578343,-2.343568228539292,-0.1903270026642787,-0.5616780679059721,-2.1693016013983284,0
-0.6421456689665626,-2.497393984249892,-0.5587631095139478,-0.20333035869291605,-2.697051528409372,0
-1.0096242788690755,-1.89627575057915,-0.8353459181304919,0.029987420370357842,-2.8222064861198994,0
-1.1280825673806596,-1.4844770835927388,-0.9393384795092643,0.1929756643301197,-3.27109622586239,0
-1.2164975716768667,-0.9347466870190515,-1.2252539961719617,0.9348112620559201,-3.2530120066564647,0
-1.5016986273557067,-0.4306348237598659,-1.3915810580283536,1.4389845877534335,-3.3846566815713772,0
-1.3596448865054922,-0.005288386338502017,-1.6630496381967466,2.3259933936434085,-3.5898803722689494,0
-1.4263584668903881,0.87852545070299,-1.4283833315851244,2.691918918174877,-3.2664188543230956,0
-1.2721936481823684,1.3059574375264544,-1.173697874801468,3.3201741363287365,-3.278995966478992,0
-1.0265238393439633,1.860169442554278,-1.0610350638536032,3.813840286953345,-3.0805932273418764,0
-0.736506569469854,1.9067785127824526,-0.5632746061890868,4.136726699790174,-2.755919547619788,0
-0.5595711958889893,2.5161585262781445,-0.3549791594031666,4.146746411988255,-2.325593970974344,0
-0.12784884043206834,2.6095063981765385,-0.004398293448008811,4.611532235593733,-2.027786656638325,0
0.28781525523523155,2.6909854019900785,0.30748483675122334,4.439440527316535,-1.7714217891411266,0
0.49963185059875603,2.35185451964661,0.7134215836327403,4.350216365522801,-1.3515828248629695,0
1.0293194547534497,1.8046046690502948,1.095205401066533,3.763798174170571,-1.0552174222906063,0
1.247825238223665,1.5478050752964676,1.258432079647314,3.398832590918976,-0.7346536330079969,0
1.3928215418168577,0.6000281988832277,1.3720244618473731,2.856091888300254,-0.7438481788959721,0
1.5069721777285654,0.6392187580094857,1.6167223102384387,2.0063868138361403,-0.3101525690501392,0
1.4750969206959874,-0.08400654978525775,1.5475119031435642,1.4251552025145284,-0.530739043423929,0
1.3810431768946083,-0.9605957834508277,1.3206322524302936,1.0479423372469476,-0.6959449283857169,0
1.0993388008343057,-1.7033434953144413,1.2029969745859512,0.5235889673415599,-0.9000968238360558,0
0.7844484929024454,-2.0050597102172456,0.8476729010563744,0.09665584552506079,-1.2053559157810194,0
0.5593222872944245,-2.2353738471738,0.5978692983842606,-0.6000791477925662,-1.425731514295001,0
0.15622121785069515,-2.4353337853590356,0.12408117904706521,-0.7654499773729562,-1.8877438019220538,0
-0.2769486177161469,-2.3911932531374736,-0.19209107254509444,-0.5567406377760471,-2.194304281552892,0
-0.5795964784777644,-2.190843004626644,-0.4703772319764065,0.026771428226025185,-2.5044558899119345,0
-0.9770046065022123,-2.08443923029276,-1.0201534995302506,-0.0005617719811081834,-2.890701610569043,0
-1.0368070437819423,-1.576939689317184,-1.1867024007847344,0.3275955767967127,-3.178024596098069,0
-1.3052362793102872,-1.0748105445382585,-1.3884005309124046,1.1674949636335956,-3.338164925919633,0
-1.6202869686586234,-0.4416759055309536,-1.5710626202845144,1.55158305727126,-3.350827805273308,0
-1.507150191041657,0.2435633059647638,-1.5822475157329072,1.9791201054528937,-3.551165395758971,0
-1.5421309762841755,0.5340193880452987,-1.5614075928053444,2.726585004247073,-3.3499403847341345,0
-1.1129883406168615,1.3541336519548053,-1.3161086590147861,3.103780941509023,-3.252017262810649,0
-1.131595609764526,2.0418183392630946,-0.835624231485002,3.916774330200769,-3.0626177013392413,0
-0.8049184100005575,2.1413209957522805,-0.8454561829628572,4.413419772379945,-2.7430057462778654,0
-0.39093829594588286,2.304884970726348,-0.3725610061109843,4.503036585319657,-2.3915987221301256,0
-0.10718001738361832,2.4158044306500965,0.04062844884556816,4.529687974255064,-2.0849180953764233,0
0.44421018898517795,2.5107744088205393,0.36312732786800955,4.495733081139222,-1.6877918410432398,0
0.721175692205392,1.9670162102251356,0.6942252887683233,4.04914990869362,-1.285224693196623,0
1.0939154868250358,1.8504594251728732,1.1723673692431245,3.884600052652224,-0.9758739683275754,0
1.3234688722417882,0.9383225647002356,1.1883513104211851,3.3090376725928756,-0.7825185359165754,0
1.314255745861492,0.9629905898848126,1.4051652409931021,2.9026276756828517,-0.6345745657485631,0
1.4074986443830126,0.14827434142970403,1.4521208957079987,2.123592419627062,-0.2589923471850053,0
1.5706505700729614,-0.2977545115652377,1.4447553477395805,1.4468862527625483,-0.5507422801359967,0
1.4286612506551701,-1.1342851458772798,1.2832920178309082,0.8516007932104197,-0.7624505239783745,0
1.0644758043656077,-1.559135789879077,1.0534341212628653,0.7346418313513574,-0.9152655807992871,0
0.8698829908855759,-1.7224276970222065,0.819912871638576,-0.1621425659562279,-1.153283799227498,0
0.4391179420071819,-2.4508206048400663,0.4260828178607715,-0.20740951815230702,-1.5375364188282525,0
0.19609116015694808,-2.3624733933897923,0.11928335490866901,-0.5510595512547241,-1.862910915415511,0
-0.13197067621402248,-2.7579756062487597,-0.14722775542622096,-0.5434551184715315,-2.205111460090212,0
-0.5199610963373213,-2.6476621633455584,-0.4378221339858974,-0.43274337538336827,-2.6627192428480404,0
-0.9878060975026475,-1.9364273156676277,-0.7918715773540137,0.15208640336647639,-2.9425510281195764,0
-1.2038268583894807,-1.5884006525963783,-1.2474577614684343,0.2986997788415513,-3.1627578786843458,0
-1.298768605924254,-1.1266640644697814,-1.5090228434505857,0.921157228187764,-3.3488027590241787,0
-1.5062899448191966,-0.46968419739824324,-1.4694024950180766,1.5328638007165913,-3.46652494744611,0
-1.341430605046415,0.09226875835836079,-1.537261869824143,2.0920242538240097,-3.6010436915885613,0
-1.4523321006064163,0.8103145890883994,-1.4185490842972612,2.741346078725338,-3.3644629570584543,0
-1.312739091129259,1.436247112140527,-1.2203554743485625,3.620024418788528,-3.2657846067189107,0
-0.9695818854385305,1.9459476746143416,-0.9589407508629515,3.7620469936931635,-2.998008331520931,0
-0.7081617217658231,2.192966725975048,-0.5986865880476603,3.894644178230717,-2.6638963588409617,0
-0.39916925054621,2.52393367207405,-0.4362463073172764,4.30626029999241,-2.3751856707317724,0
0.17239904555352348,2.58596996197435,-0.004755399101550492,4.689875414235531,-1.9568884301552278,0
0.3606441142992334,2.470602676852714,0.4097138508890473,4.490520205179893,-1.6435290305995909,0
0.7576029637793658,2.126908800923669,0.775470668237974,4.10418149839727,-1.166131070137344,0
1.047069701790366,1.4784168607187855,0.9464404913239411,3.689920536158735,-0.9327939810339592,0
1.242504559719166,1.315558352167589,1.2975237868840261,3.5229614312488233,-0.8788104588328423,0
1.3405041544519856,0.7432838745999846,1.4007078788899303,2.7515533393389364,-0.6314835722119754,0
1.6248118917514605,-0.04320044386775017,1.5900543290083164,2.2519507871746893,-0.42898229498959184,0
1.4192695683388508,-0.36957501775366564,1.4811880524292462,1.5054689970540451,-0.44125379025070877,0
1.4392670774234326,-1.0628398683895939,1.1966017076187625,0.9295240666379812,-0.7423957189398369,0
1.1385560326706874,-1.7621239599240308,1.1044961035375709,0.3835182016417562,-0.7743750797036673,0
0.8810104786918034,-1.9142850893346408,0.7931180263694141,0.13783636090121254,-1.0871747189391527,0
0.5114469783964734,-2.225529342170613,0.6407619911633087,-0.23884582028426182,-1.255369368959668,0
0.2444795144233508,-2.333167689074852,0.10804570598429392,-0.41680835628078583,-1.713668330760653,0
-0.3087077675594298,-2.6259657199741406,-0.2437282945200714,-0.4282685063126186,-2.203322013592002,0
-0.4064421592694669,-2.257160452532559,-0.6186312227404704,-0.3065715956641979,-2.5917705570511624,0
-0.9902355868626852,-2.1279000549009823,-0.918864253574426,-0.030245931729909525,-2.88589636023402,0
-1.146001230012235,-1.9529310843549077,-1.116215787591535,0.36708918242949107,-3.1698148715013805,0
-1.286038513849457,-1.130511433426759,-1.3798719333155487,1.0181839502707164,-3.3260887388125058,0
-1.6245700298772228,-0.5085894103030777,-1.4467575469235392,1.3946881523408092,-3.4869551254296276,0
-1.5030056366624658,0.42976078767759557,-1.3974301841566334,2.1135570158623795,-3.589871891025991,0
-1.4040060646586228,0.8136302929464858,-1.40872920517135,2.942337635118543,-3.3958761694938375,0
-1.392859385379408,1.520567165057006,-1.2536024763652465,3.3023096249253703,-3.1936657577075316,0
-1.0101413481846213,1.7677606632355554,-0.9430630403823641,3.8124112052297554,-3.022628656885267,0
-0.7739996412961136,2.3047010107509505,-0.7236571752931824,4.252601862497125,-2.7327124327955192,0
-0.38249991952580087,2.2806043673644365,-0.27681659900119737,3.680352581979916,-2.432547951689573,1
0.14927052373156488,2.6393417365789444,-0.08474782843627586,4.415040654561654,-1.9063615202666344,1
0.41225966608634435,2.2681369738650994,0.42993893905396696,3.934392287894191,-1.7128137909748298,1
0.7214046059457648,2.360175770301261,0.6402351934848162,2.2742547979151655,-1.3465832083369063,1
0.9956344337049854,1.8113143601680406,1.0041028552636,0.5055725946848038,-1.0899823930254031,1
1.1646041679960373,1.2526983469803274,1.3789626803808455,-0.4855845480019747,-0.8200495462010207,1
1.3880025325900738,0.6457334808501852,1.4375454651027133,-0.029674822415708846,-0.5360720946519442,1
1.4808355836421632,0.2658783005380818,1.6397963238568116,1.5354487201595501,-0.6783304113617692,1
1.5051093926246804,-0.5833881899228202,1.4504653965152916,3.174464816601274,-0.5845888219067483,1
1.275187358871611,-1.0284943387343886,1.3229606782692551,4.394083092692668,-0.5917056889283527,1
1.2485379555529512,-1.6601590209695496,0.976623808637376,0.34088565306043694,-0.8983072242279198,0
0.8644065275566702,-2.0018372626804517,0.8170429399457679,0.04583911375949157,-1.0715804960089546,0
0.4993554640468848,-2.322357168042723,0.5121072913792821,-0.30959972399955316,-1.5474375364551993,0
0.1436467162650648,-2.5592157847311237,0.09330452893573635,-0.7684520562144641,-1.674323740033997,0
-0.13272521267009194,-2.6057887291210466,-0.2647397634379149,-0.390287860950449,-2.143264662999025,0
-0.5194967850883981,-2.4884535311614595,-0.5118018781838961,-0.48500428467311796,-2.468415599426865,0
-0.7484783595257085,-1.966689205087801,-0.7529401703710816,0.14707986252117378,-2.8102127716154004,0
-1.1172892857507142,-1.5749934761191462,-1.1423355713112096,0.4670258103762652,-3.1967046843756965,0
-1.26945105497792,-0.8349097088738495,-1.3914382049524034,0.9035373442960417,-3.3163596933350816,0
-1.3176024586742678,-0.45099483915323,-1.4489289986605582,1.700875001889987,-3.5429957763396325,0
-1.5312342440834588,-0.06367293251204907,-1.4458927263414103,2.4164701213716486,-3.4552734774350493,0
-1.3778968048986269,0.9534929925491753,-1.4819339274738619,2.8559025108570286,-3.6256753819187533,0
-1.279600504836882,1.1968446506464672,-1.1670160252283193,3.2128520246427565,-3.285188460025469,0
-0.9505258331491927,1.91572183776637,-0.9572953945932579,3.846995952189077,-3.216849276444551,0
-0.7676292395162367,2.132138224641209,-0.7066485925337923,4.217125846364439,-2.707177386916201,0
-0.25482232642334246,2.5198305859770413,-0.2734098488369243,4.22740931451689,-2.3324136219972695,0
0.045331765394197907,2.477247395646952,-0.015815051547946817,4.361170665995975,-1.9608501522062431,0
0.30500754943623515,2.29603531310532,0.3222661933101265,4.477763605042713,-1.58466896879517,0
0.7670322563546044,2.0736514362256337,0.7327643443711347,4.475805609264555,-1.2817337279666003,0
0.9940408277191659,1.7043877434988575,1.0145016813327452,4.033995397051645,-0.8923440720584557,0
1.2741250712257208,1.2486268310906798,1.3489709278395683,3.4500884647230947,-0.6825727569718698,0
1.524710786441044,1.0307282530981976,1.3826545252835947,2.7052324928551834,-0.5364730566552378,0
1.6011102284980492,0.1739839605115566,1.5744891242415715,2.109892006046588,-0.5107637807757219,0
1.343276540043052,-0.4432265534855595,1.414419036923905,1.4774984177625194,-0.5209214457211582,0
1.378868885216078,-0.9056038658528203,1.4785712258057573,1.1331342497637933,-0.6716086200128215,0
1.1303384566679573,-1.7189942912106644,1.2882844955391295,0.19585172373343407,-0.9690684183084439,0
0.9212305634005346,-2.114084712218425,0.8836814492738245,0.244437461520286,-1.089028302004203,0
0.524114112745931,-2.4054402288512833,0.5001461888714076,-0.32594686932729067,-1.3433737151236917,0
0.22378177265277943,-2.578476933076657,0.33614946319076905,-0.5166725770599752,-1.7993690611066164,0
-0.2952320500141736,-2.26344535538701,-0.2795288747213684,-0.4099797214570602,-2.2174425085374274,0
-0.5216088396537778,-2.380210447149679,-0.6370492078910102,-0.2329957703772152,-2.5748592779537414,0
-0.9437989078946332,-2.1775325269731023,-0.6921475593800137,0.0034692244941594286,-2.9220512329651513,0
-1.1240105680258636,-1.6300332801713444,-1.2110309772876264,0.4248005819117857,-3.186178574808096,0
-1.3692043810742804,-1.1469656377680288,-1.3384970526205262,0.9992454426647486,-3.184109272854177,0
-1.380349719553288,-0.6049279945812779,-1.503970993990157,1.7241161549081823,-3.560542022360787,0
-1.3722748693371092,0.22758341291354545,-1.5366650940168254,2.36775633320772,-3.469647856784385,0
-1.4762301030621716,0.5294749506504453,-1.3740813790191269,2.625426874530132,-3.4556582634219613,0
-1.006599852117071,1.3725583904038043,-1.2608999024497294,3.3158760146608617,-3.290572566896935,0
-0.9974627624476368,2.0147657759914264,-1.0337062627517053,3.826707644221795,-3.015755473227342,0
-0.6980871096793382,2.4904008335139047,-0.7834225198463749,4.149027958772088,-2.69860640326847,0
-0.3963858602899236,2.6159839491944874,-0.2230454927129679,4.373692232123691,-2.1889795817543285,0
-0.10684916915096976,2.4746646471594462,-0.0592854533167173,4.621599656066984,-1.888875875519751,0
0.32616941684669476,2.407844620116812,0.46843745033748285,4.4600423105026605,-1.5226209430785378,0
0.7143808564585115,2.3326669085432035,0.7318860143587302,4.247861300178533,-1.2318769442956494,0
1.098292615992428,1.9486457613398311,1.0159666764846764,3.777458620373886,-1.0727079785242355,0
1.1927396899798073,1.225389400592691,1.2712468827872787,3.23361012353722,-0.7565409352713186,0
1.3444929852215555,0.49388511930128226,1.4289133708462358,2.9239973192309585,-0.6441925446856565,0
1.4789389364260088,0.09913500961800312,1.3666076471785114,1.9638344497641875,-0.562050171680256,0
1.4287973381562797,-0.26492733199090257,1.47991793033337,1.6169339239319676,-0.6046765249979202,0
1.2835296865903563,-1.073935699793751,1.3204121310153516,0.9800747379449388,-0.7164049599945801,0
1.1623871092455893,-1.7678765637869065,0.9551932430226011,0.39163136311303215,-0.7804113090553884,0
0.8364709257019254,-2.1200422737764626,0.9300048306211496,-0.038367564828122536,-1.121145483931694,0
0.6366034880007071,-2.2371123684332557,0.5413078119539698,-0.36873124875592866,-1.4559865377718024,0
0.25752884775647245,-2.4211725702051448,0.24887667923735302,-0.2774574435319348,-1.7917283899379715,0
-0.3581866249479271,-2.5143432293825647,-0.206360774288541,-0.41930990766412046,-2.1706212809319334,0
-0.5782996268570135,-2.301342120281434,-0.6044131346703046,-0.4646898694374264,-2.66685366445578,0
-0.8939797836394197,-2.064915427448976,-0.8479954658703803,-0.18151894443231376,-2.7701974045110145,0
-1.0645263198863186,-1.6113490128136556,-1.2175014537383124,0.3760397362479786,-3.2778861970494084,0
-1.404254621553653,-1.2455789698949349,-1.3874277484717434,0.8647216113728571,-3.2933768080186727,0
-1.494051361684753,-0.6337928490094971,-1.369497093608945,1.6103895860068924,-3.35527177954131,0
-1.4109807847538576,0.06811349599842788,-1.4532010369093664,2.1408296376561977,-3.628430895836077,0
-1.339587101387098,0.6967694721736596,-1.4451960106175048,2.876399061064723,-3.476643984947578,0
-1.2138280503510366,1.2055367034000877,-1.2418560504169491,3.2203497722548824,-3.2197806829647817,0
-1.1231135196891042,1.890603322268893,-0.9410901519849129,3.879947456733402,-3.1300755416515345,0
-0.6084574285617464,2.258163255769248,-0.6689427136717843,4.398371125491952,-2.5533475872281937,0
-0.38653207957095836,2.571310895136177,-0.2717247283709928,4.325952871845517,-2.3456653897342195,0
-0.028211052571188243,2.4903949575368505,-0.01300920702161335,4.515963976315879,-2.0957631352410107,0
0.4075610215469132,2.334784421432765,0.37542910568903887,4.317810082401604,-1.7379240955569677,0
0.8317871207079084,2.0723946935358772,0.6581027254311913,4.128207398682909,-1.2900109279393712,0
1.044933675483692,1.5388440732727657,1.1331615793823195,3.908374812435197,-1.0521849251247493,0
1.2636668879582347,1.3662657500512538,1.2502647688893969,3.5313861115626426,-0.7003503211880364,0
1.488949751685618,0.6144102741850077,1.3504230726589828,2.642887294806283,-0.42943453366863293,0
1.669492802799077,0.27743840693561683,1.4425919442104718,2.014355428680046,-0.4299899436576471,0
1.4029606928636253,-0.4036603470698288,1.5655087880860856,1.6048049586940751,-0.5362677077234923,0
1.3656272720896925,-0.9906949631232915,1.2727541689716377,0.845504022054365,-0.5953408155466469,0
1.3462272666470445,-1.452162325506694,1.1106421768236068,0.4456522065062998,-0.7954785466269865,0
0.9119477595956145,-2.036176731258318,0.9016927399993843,0.04880959803729068,-1.1964217754576225,0
0.4108242499780342,-2.331711979364708,0.4750815278399998,-0.21050531124745042,-1.5902707764596304,0
0.28380875273631034,-2.585601252345426,0.309534980252364,-0.5180742332382975,-1.9808502873393206,0
-0.22141897013196055,-2.574404953822764,-0.18207292142382664,-0.7417770340300276,-2.226184241686603,0
-0.6474606819464365,-2.3847618790408154,-0.5949048525654965,-0.3717339490381235,-2.5879894933115044,0
-0.8340152908240561,-1.9569740051580453,-0.8927998502433235,-0.14477138239286536,-2.8154773853054995,0
-1.1781525394956112,-1.6266329344172767,-1.1670564686987612,0.3436345343579188,-3.1391163054957443,0
-1.387412322818819,-1.020322580979999,-1.4238376638063788,1.0747683297676605,-3.28956781375961,0
-1.5136789081039574,-0.44047527157797817,-1.4519245550491329,1.4477686852609082,-3.435576111358849,0
-1.4353057625174213,0.1104514250606001,-1.47559212195354,2.112671276476561,-3.401212085714916,0
-1.4246953816971408,1.1034698595977501,-1.4035275055528824,2.977031720355827,-3.570485063040355,0
-1.1526766786264453,1.3562282677009418,-1.3158058237868362,3.70577459912656,-3.1735267861245395,0
-0.9990998225924934,1.9236838019784304,-1.036209521674226,3.950542011636346,-3.0168631873251517,0
-0.7586779233152301,1.9324599846365484,-0.790442901845815,4.294062681045556,-2.7926927918673146,0
-0.29485987502067357,2.380406892897615,-0.36705658006565023,4.270867586612067,-2.4236869352090338,0
0.0824156989925218,2.535681124318283,0.03669253236252508,4.637991387309633,-2.0838010144381087,0
0.2130665527042076,2.535548935155939,0.20294406166543463,4.472809017694973,-1.695915570516833,0
0.7795708360077218,2.0800923004557212,0.6149011089941644,4.04535471556605,-1.4007489701254752,0
1.0054320936338306,1.9052832204410342,1.0712461154838557,3.7335308099725157,-0.9357059631925884,0
1.3025227440983858,1.1460573110673165,1.2571032053318656,3.242355938123962,-0.7446035949947678,0
1.4616848260579363,0.7030581827440902,1.3862933381295401,2.68485734252987,-0.5133392353649593,0
1.7002152386948524,0.13080145129281368,1.4317933435528318,2.221574592634153,-0.5521725367140078,0
1.6248623348477702,-0.2384694195664462,1.4891703374367316,1.4797467768788612,-0.5813448649169937,0
1.4132958350670213,-1.0659526999029743,1.3083823098840837,0.8653536718057775,-0.5638135052661135,0
1.1115417201575994,-1.4005287791756937,1.2131009964418027,0.4494046547060191,-0.828788982371224,0
0.8206710165954447,-2.2956867113446227,0.802215398602101,0.1958977748606583,-1.1714929024145961,0
0.538919564201173,-2.437597919818032,0.534934143535641,-0.2569537300937528,-1.4686263248892932,0
0.22602841299467571,-2.4536535133991695,0.32935280443047144,-0.5421864250848158,-1.7726010847325688,0
-0.20800821266425062,-2.6010012110921044,-0.2292357338451382,-0.4224096408990823,-2.1956976556095595,0
-0.6163914806768542,-2.1982549932370787,-0.533384480555335,-0.2947691773038392,-2.6625720091935468,0
-0.7647292641720237,-2.1490688885306213,-0.861956758307568,-0.09652538934493693,-2.89457800149661,0
-1.2377215290108168,-1.4804283665050952,-1.1254001837205532,0.48833634167015627,-3.1583838159287323,0
-1.3003873913366026,-1.178571894239652,-1.4774269184613218,0.9473657709801937,-3.441686048423856,0
-1.5633888738031345,-0.5247493268411826,-1.4779671022192247,1.679473285186142,-3.4649156475459404,0
-1.4838123067807785,0.2870659857335791,-1.5493548869785847,2.1292752428755803,-3.6322076285602884,0
-1.4922645875626368,0.678101849776796,-1.4153064165680966,2.675446365782835,-3.4207388695632117,0
-1.257671254033028,1.3926192684822605,-1.27232740412221,3.346609355477648,-3.3899091201844826,0
-1.0986832840616323,1.8307271063449149,-1.0174297074548848,3.8677306529035635,-3.1080660934388242,0
-0.8637141098231783,2.1797672744219536,-0.7975154665289008,4.244561436802604,-2.702086532971932,0
-0.3593591261857562,2.665761663934428,-0.39223297180423217,4.429158863604818,-2.3897310807658716,0
-0.04113692102064512,2.5709929227062425,0.11093377358381146,4.14766837468658,-2.0503473924099436,0
0.36908720801436257,2.4087531560238413,0.40873080776732584,4.524855098116163,-1.658831709871321,0
0.9606348004497325,2.1994230703389643,0.7086950909934016,4.298531576788351,-1.2947369397730384,0
1.2768859227128482,1.6772213252124821,1.105873844504046,3.7569190469862526,-0.9920823485695007,0
1.3867447879792016,1.380445257013382,1.207551176387198,3.4090427964752417,-0.7365070075458933,0
1.5025519917643586,0.8434591635079113,1.5255112748652895,2.7350780045200436,-0.5667814608817046,0
1.6353793331115836,0.2696753311217043,1.484118427784518,2.049840980024021,-0.44796982623009174,0
1.448220103957261,-0.23381042763459065,1.3349786563543924,1.6149952250651947,-0.6612107987647255,0
1.3946468653593465,-1.010621569520923,1.3028837761795549,1.0532711794248075,-0.7073219752075088,0
1.0749329083836465,-1.7424080062292453,1.154734431392333,0.32556976168134755,-0.8711764701411733,0
0.924947932934441,-1.9942659695447384,0.9255110806308948,0.2646932114373266,-0.9787090231265827,0
0.5586761926725713,-2.3956057860101216,0.4712281576505478,-0.16491022147197,-1.442137193854439,0
0.21678401397508462,-2.571819342003293,0.24160203739157038,-0.5390483988634083,-1.7882463299093219,0
-0.08789504351693095,-2.5692544514757785,-0.17123153674370367,-0.570187519196971,-2.19856599787635,0
-0.4268024898809244,-2.317332194567341,-0.6201433374478424,-0.34419977451163186,-2.611883010241626,0
-0.9051534583068961,-2.125479844891529,-0.8655878256583794,-0.09107765401697065,-2.8963611131746196,0
-1.146503416974787,-1.5552304927993832,-1.2631202478760537,0.31956379033529636,-3.1320388442170906,0
-1.241160895987111,-1.2936824458236087,-1.5275215688611135,0.8720417882271243,-3.420277776581086,0
-1.4815225643528256,-0.8299833371349548,-1.3483282414955509,1.6371851008528249,-3.421302432445617,0
-1.4217852758508032,0.13715238380944,-1.4454612807916745,2.1114530041608788,-3.3039617863631126,0
-1.360009390880762,0.5810922580503673,-1.3163941517288171,2.78556146816316,-3.429472412164971,0
-1.2598431539600004,1.2673237040735377,-1.3000194631217894,3.1979758401745686,-3.332730470256716,0
-1.1261640160885413,1.5841833764477329,-0.9541296584048182,3.9468196164436065,-3.0367667579293145,0
-0.7047516627584386,1.9396488730143868,-0.6591289683213604,4.378742283276818,-2.629185961612663,0
-0.28328522123827354,2.4513199007002866,-0.32722347369925275,4.376734047274116,-2.3752259820434816,0
-0.03486319277038512,2.436443389355968,-0.049896666416882805,4.5549063842117725,-2.093356664733588,0
0.2877843774003568,2.415425189847085,0.3326046826289749,4.543480001969137,-1.5737896318941589,0
0.7412676080186253,2.1863883188360447,0.6798841264334801,4.259336282673106,-1.1953746022639538,0
1.0531226199728838,1.7315082053391624,0.9151199011152231,3.857405788235337,-1.1320262427230339,0
1.256586134649528,1.5293622461882672,1.2628284992249161,3.3971349752461286,-0.6919128707135873,0
1.387161384831575,0.8176706629805147,1.4678295692220136,2.545592539787927,-0.545379888004675,0
1.453173392707912,0.47909850870215404,1.5949029298621478,2.249345173509533,-0.5738163371465763,0
1.403737336250424,-0.2700381311552242,1.5126041979864218,1.5733081312929325,-0.4772261479078015,0
1.3871218101697511,-0.9784885268933365,1.420526332169879,0.7934735319989723,-0.5159548844974919,0
1.0540767749938813,-1.595836517759811,1.1599463507743328,0.44854887640162744,-0.8293832803321668,0
0.7533091494548874,-2.096240244427258,0.9989623240850727,-0.26382039482415154,-1.0835872280235768,0
0.564081723754118,-2.4157119997487353,0.5043337739011957,-0.2068843622916532,-1.435209031666923,0
0.3479363550086271,-2.463488901855743,0.13514440882826398,-0.4900920111409852,-1.8012471385653832,0
0.01610017039353659,-2.3588425578800316,-0.2664969038327808,-0.5663543654934209,-2.345692793063858,0
-0.7001516326328927,-2.456738645060865,-0.3984534211687085,-0.41482368816278115,-2.6672757231255977,0
-0.841191909514375,-2.026118176722827,-0.8524321536559708,0.07924809075482164,-2.841012804364637,0
-1.1150318756562574,-1.7500946636352182,-1.1728668196015184,0.5581974652684836,-3.1541845603784333,0
-1.2849597388682361,-1.0511235261252496,-1.2623431254922082,0.7340579786661245,-3.3865912841752346,0
-1.3794014160232762,-0.40067111981593073,-1.3470535501232201,1.579379033737487,-3.3852742224455774,0
-1.5135498849250064,0.2808786551736265,-1.529346653510797,2.262715482625665,-3.5092210573945013,0
-1.4455050274762522,0.8084441092121443,-1.2395043530942234,2.8129815567384493,-3.451310473698361,0
-1.265739102797391,1.2600707601173389,-1.2210210229768292,3.361765831856399,-3.316734381769309,0
-0.9907990302216367,1.7751087182336345,-0.8845084825255282,3.8252622913811805,-2.967139119266786,0
-0.8694030775708034,2.1928070586522392,-0.7500230598011836,4.329425932012692,-2.877540012933843,0
-0.4153711801203609,2.395259408764558,-0.39929383134459184,4.5147469381909335,-2.249438416519049,0
-0.08724268666353349,2.540180533911796,0.0672670166896665,4.606165033630088,-1.9406257353551535,0
0.37144664767475855,2.4506478239736333,0.2758241604701468,4.331808261768929,-1.625011573023313,0
0.7474608873486677,2.3176357362030497,0.6651728445946963,4.269166154053681,-1.2683841859261746,0
0.9993334401845106,1.6517536633256409,0.859101699777918,3.7168454849538852,-0.9431542202162984,0
1.3310275437708952,1.3741333692088427,1.2699664550513403,3.355252850003887,-0.7734712061635403,0
1.408089976977677,0.6531405004595104,1.422433444398522,2.775006369263948,-0.5320510134326655,0
1.6088300749374582,0.12441222122357147,1.5289085572138783,2.1983869473113744,-0.5062062811244228,0
1.4434765228172641,-0.6343896593057246,1.5201424896995799,1.7056557394908638,-0.46386750241958064,0
1.3816310506227905,-1.0597847719308489,1.3418963453138975,0.8898266969947204,-0.7254025185111199,0
1.1066988001280909,-1.7751400586106134,1.0880058097282055,0.6908285236633922,-0.7062871648902429,0
0.880243672091268,-2.1259927031248744,0.8285937778234577,-0.07390483999991115,-1.1812680255368122,0
0.6266574527273057,-2.0379170089942633,0.5305686269164364,-0.4324031065594931,-1.5155577669372071,0
0.17828010842041958,-2.401800793480426,0.21614548815858428,-0.4041485394801616,-1.8897013177443096,0
-0.2008121309230238,-2.3611985978475296,-0.1848427014478871,-0.32254209665839273,-2.1611184680909834,0
-0.4929047222416033,-2.428144682046879,-0.5589335920475299,-0.16875069227104467,-2.4313372428800144,0
-0.7997916853975544,-1.8774841895783265,-0.7830957563445431,-0.09810717879494568,-2.9658932341027553,0
-1.1861511089577337,-1.6325006125582542,-1.1711840071185882,0.4325995624370189,-3.1562000863760344,0
-1.3170072834339204,-1.131872106765186,-1.4293244676658006,0.9441602237199083,-3.3063457656631914,0
-1.6332794755919229,-0.4008991920434493,-1.539211853946326,1.6466245714902494,-3.4182673158206685,0
-1.477309340934911,0.1745631808816939,-1.5232436330682328,2.2655575815409037,-3.5807648300373343,0
-1.5219141233547928,0.9273252875794236,-1.3771175145608512,2.7866033373749484,-3.458197118136841,0
-1.1968093797557635,1.1788702548957786,-1.2155653654147336,3.406237770533271,-3.327331212091662,0
-1.1716766231627034,1.724867296114339,-1.0575237080792204,3.855639083980311,-2.9883192873419895,0
-0.7208143606072599,2.132495184311511,-0.7491293407594454,4.254603487471565,-2.6806601364415727,0
-0.4640616961981662,2.433575445736382,-0.3408358842516251,4.343266227754963,-2.2802442811696464,0
0.014110271779200632,2.442721200215498,0.10115909012176263,4.648841451078235,-2.0022325618031247,0
0.3301150383067277,2.411537113314607,0.3525679790344381,4.505227471613095,-1.578839419872485,0
0.9285143585107041,2.1509810359077166,0.7364257366732785,4.123653603693423,-1.2052657149012913,0
1.0361922073442853,1.9373645242732576,1.0687355929892046,3.7130341453769606,-0.9715723273547905,0
1.1865984266414435,1.2694198196075255,1.163642644716987,3.166812646694657,-0.7531798871710635,0
1.4718138017854847,0.7212784847863221,1.401786484081964,2.4451324104884677,-0.6402845330065308,0
1.417430019873285,0.165492012352742,1.5309575880686621,2.2302469647194942,-0.5814913111914228,0
1.3596985889140083,-0.4808181765094489,1.4336420025161265,1.4362353686127316,-0.47214482700346694,0
1.3819367665961397,-1.0345407463033747,1.336131212273737,1.0155230920146716,-0.5766158628703926,0
1.006998293453366,-1.7519969736416627,1.1074602736234798,0.6759431863974563,-0.8626606939624077,0
0.8942131372165144,-2.01109608040123,0.7969259115078093,0.11314426551072732,-1.1690070179546703,0
0.5387697790631085,-2.345610341924445,0.4650543389813442,-0.5218910677080024,-1.352315958292777,0
0.27636778728647865,-2.5909989900606734,0.20069983230785293,-0.4908347559898951,-1.935168217597959,0
-0.22125544930070423,-2.6859877488639783,-0.1924772108174148,-0.49363471315407415,-2.1794929176270115,0
-0.49676528647003704,-2.303216524829002,-0.4692490955322265,-0.4333540455985774,-2.609900527504025,0
-0.8932915125513093,-2.0397748229787322,-0.9313197241291864,0.06602330532920653,-2.955221544756463,0
-1.162224037416633,-1.6024967390898692,-1.1826576969643328,0.38430944604741324,-3.0679386013922936,0
-1.3824223415882653,-1.1127257170988258,-1.3625783549583137,0.7220836657462228,-3.4339235047605277,0
-1.4836780795392142,-0.30033450247127175,-1.466091091024352,1.5932427136344602,-3.4260023634328047,0
-1.4900818607698556,0.02181897742139647,-1.3642399730798105,1.8736156793489418,-3.5014500408921583,0
-1.41235586504426,0.7646576363492426,-1.3728764558665039,2.892452881458111,-3.498744424411232,0
-1.4201422824483285,1.2766219266965064,-1.2853944902064478,3.4642410790581373,-3.199996958728504,0
-0.9680367030294967,1.5660583481723578,-0.9017072007989575,3.8378876676410982,-2.9319428285022595,0
-0.7401043532710364,2.2016739477036835,-0.7851416345587301,4.10342809862026,-2.5747664202789773,0
-0.4618656878030579,2.2552772005970554,-0.2856461971537735,4.457748055908597,-2.5376229909756174,0
