Date,Transactions,Blocks,Output_Satoshis
2012-01-09,164,14303,449033.58451113
2012-01-10,141,15722,393176.49097197
2012-01-11,153,16628,392406.17201191
2012-01-12,155,15206,363660.1582616
2012-01-13,140,15820,410308.2560485
2012-01-14,150,16119,345430.7785734
2012-01-15,139,14126,275751.57005743
2012-01-16,175,17118,436695.37891899
2012-01-17,157,15674,442201.41711936
2012-01-18,128,15501,377649.76134686
2012-01-19,150,16244,403258.4784187
2012-01-20,145,15611,364501.09723348
2012-01-21,164,14632,307330.25742482
2012-01-22,136,12817,276740.4401838
2012-01-23,170,15019,289067.15722846
2012-01-24,139,16559,384665.63773518
2012-01-25,148,18292,422796.05051998
2012-01-26,138,15313,421377.33216918
2012-01-27,141,14760,360852.30272307
2012-01-28,145,14708,254713.26477645
2012-01-29,167,15363,351192.84994048
2012-01-30,172,14990,333595.67823981
2012-01-31,150,16176,345237.70770441
2012-02-01,141,15972,435407.6147684
2012-02-02,159,17550,376869.17256432
2012-02-03,158,17461,385849.42296659
2012-02-04,157,16531,366071.34804009
2012-02-05,142,16050,346103.09398566
2012-02-06,146,14087,324839.76775656
2012-02-07,137,15930,321202.67056031
2012-02-08,145,17238,309649.22480306
2012-02-09,145,17577,276583.01721628
2012-02-10,138,18681,323286.86014982
2012-02-11,150,17373,458101.21206539
2012-02-12,158,17621,326236.93097371
2012-02-13,137,19323,428908.09049058
2012-02-14,138,21928,1352875.86519127
2012-02-15,134,21520,1344784.08633407
2012-02-16,138,21873,1606238.08116305
2012-02-17,152,15005,980044.44303906
2012-02-18,171,16460,705524.75061388
2012-02-19,158,15405,396081.70266535
2012-02-20,140,15254,436470.04074009
2012-02-21,129,15026,394178.99144082
2012-02-22,159,17360,787405.71346345
2012-02-23,166,19504,692032.4884983
2012-02-24,149,17535,582589.02713827
2012-02-25,165,16300,422153.79517133
2012-02-26,150,14540,347126.38539905
2012-02-27,154,16440,377087.27343213
2012-02-28,160,17231,378837.63297874
2012-02-29,179,17312,338421.94801077
2012-03-01,151,16032,665437.80124576
2012-03-02,134,18989,566902.22811298
2012-03-03,113,13287,386748.74107678
2012-03-04,137,17653,685564.11196859
2012-03-05,145,18469,381113.99702191
2012-03-06,137,16349,362054.09438237
2012-03-07,154,17234,381751.59940418
2012-03-08,156,17707,528367.63594015
2012-03-09,168,17520,598061.39599002
2012-03-10,165,14063,392855.66502514
2012-03-11,134,13866,431371.20538153
2012-03-12,166,16988,606233.97458425
2012-03-13,160,18245,534531.92635423
2012-03-14,137,17154,611616.60042619
2012-03-15,121,15556,492864.21613991
2012-03-16,153,17476,508432.02581875
2012-03-17,170,17327,468179.56110728
2012-03-18,160,15149,379449.64367049
2012-03-19,143,15715,458988.8919671
2012-03-20,160,16057,502954.42416673
2012-03-21,158,17732,515344.02968795
2012-03-22,158,17088,761881.51903758
2012-03-23,126,14964,899181.83585715
2012-03-24,184,16145,821417.76798612
2012-03-25,157,15160,423949.86526912
2012-03-26,151,16254,535238.13177191
2012-03-27,156,17094,575018.41495218
2012-03-28,150,18381,691100.76487548
2012-03-29,141,18051,1205888.06554553
2012-03-30,154,17656,988434.35932902
2012-03-31,170,15545,883701.63334359
2012-04-01,142,14641,623404.57482711
2012-04-02,116,15111,703032.14748597
2012-04-03,133,17522,824059.65795344
2012-04-04,137,17041,767659.14524911
2012-04-05,117,16255,943391.50581974
2012-04-06,136,15828,591961.54281166
2012-04-07,129,15082,347464.78225752
2012-04-08,150,15412,1263160.47859292
2012-04-09,146,16039,1642155.44499027
2012-04-10,147,20449,830066.56504133
2012-04-11,141,18813,1518655.98688216
2012-04-12,127,19398,1285753.939717
2012-04-13,123,17653,837527.90669124
2012-04-14,139,19534,997458.43729218
2012-04-15,107,17304,1278078.63161439
2012-04-16,150,21042,1619772.03172945
2012-04-17,135,18744,1139507.17625959
2012-04-18,130,20303,1039840.07526414
2012-04-19,157,18577,694079.67336616
2012-04-20,154,19632,2864389.57021574
2012-04-21,154,17096,1227983.95723726
2012-04-22,140,15540,954638.25936698
2012-04-23,135,17381,784560.59978637
2012-04-24,138,18844,749693.44131401
2012-04-25,127,18707,1018495.21337456
2012-04-26,155,23511,1857826.46818449
2012-04-27,135,17689,1467996.92652653
2012-04-28,152,18412,889247.39661441
2012-04-29,179,18840,989035.58791801
2012-04-30,179,22508,1104689.06141341
2012-05-01,170,24968,1090850.28370891
2012-05-02,150,23224,1083940.56461852
2012-05-03,157,32186,1216898.06637058
2012-05-04,161,32470,1126674.24404413
2012-05-05,167,30118,1204600.83182307
2012-05-06,164,26675,658919.72959948
2012-05-07,170,40972,2193131.72423816
2012-05-08,176,40031,3898869.81975069
2012-05-09,166,38562,2356469.56362576
2012-05-10,129,26195,1200673.55488417
2012-05-11,143,41602,1539746.73919502
2012-05-12,128,39554,3202564.87893094
2012-05-13,140,33061,1509618.59855857
2012-05-14,139,60905,2306925.08375251
2012-05-15,130,48447,3742452.93647653
2012-05-16,121,40122,3437743.03646577
2012-05-17,116,38832,3456116.18135476
2012-05-18,145,53046,1876206.40600932
2012-05-19,149,75313,1232620.02713791
2012-05-20,138,67456,2019018.75302653
2012-05-21,126,68417,3818667.69699198
2012-05-22,115,51377,4062364.5581071
2012-05-23,130,60318,1806509.400517
2012-05-24,125,58459,1128648.65816397
2012-05-25,121,62514,2438067.35739354
2012-05-26,142,50884,4831935.95270128
2012-05-27,159,56859,2022237.62829637
2012-05-28,142,64725,2137076.19088823
2012-05-29,126,64412,3168985.41326641
2012-05-30,131,56634,2390970.27055624
2012-05-31,138,47871,4791320.62921271
2012-06-01,152,60350,2969598.76537252
2012-06-02,160,30391,1991194.05032235
2012-06-03,153,72633,1731492.36393936
2012-06-04,155,97178,4645313.15018125
2012-06-05,147,94316,4534755.43504066
2012-06-06,153,36468,2509554.33063773
2012-06-07,139,70830,4841143.67447144
2012-06-08,141,53754,5462839.52628186
2012-06-09,171,71784,1394282.35453371
2012-06-10,166,87215,3292536.17809462
2012-06-11,140,71219,3044013.95410026
2012-06-12,156,45874,2589635.92543866
2012-06-13,150,123815,2431812.84913368
2012-06-14,156,138068,4838045.59311461
2012-06-15,159,120938,3468722.51448145
2012-06-16,156,95124,3900349.19610111
2012-06-17,164,99861,1415383.94205679
2012-06-18,175,87377,2517870.83459767
2012-06-19,147,82133,2119402.77364751
2012-06-20,145,78498,1715715.33744386
2012-06-21,136,63779,1046386.1084854
2012-06-22,138,55611,2275711.50415203
2012-06-23,164,53976,3023872.81857643
2012-06-24,131,50967,1899076.40743994
2012-06-25,154,65196,1818923.1429278
2012-06-26,149,69480,1725291.61064174
2012-06-27,163,71255,1988365.30904521
2012-06-28,137,60199,3474911.56490419
2012-06-29,146,51397,2525130.7467727
2012-06-30,132,50724,1395567.69277079
2012-07-01,142,43286,1346647.6459064
2012-07-02,152,55978,1191336.14564764
2012-07-03,160,51477,1440331.34205712
2012-07-04,150,54243,2279526.86962571
2012-07-05,144,50527,2016864.67873391
2012-07-06,155,54122,1381458.22888506
2012-07-07,166,55591,4127597.19851498
2012-07-08,153,46744,826735.09483476
2012-07-09,163,56730,2132703.21986048
2012-07-10,150,77306,2170880.38102155
2012-07-11,134,70321,1155039.08895928
2012-07-12,150,53485,1393225.53889003
2012-07-13,163,57331,2479292.88295531
2012-07-14,161,50978,2473988.39896959
2012-07-15,140,58360,1363199.76822155
2012-07-16,150,71150,2110624.76932534
2012-07-17,172,77240,2532795.22507513
2012-07-18,155,71862,1599655.3180574
2012-07-19,135,70836,1228132.22114948
2012-07-20,148,84755,1647322.17586346
2012-07-21,141,77123,2380759.93944703
2012-07-22,155,75077,1716136.98916439
2012-07-23,141,70843,2170034.04221182
2012-07-24,161,63346,1750237.9378961
2012-07-25,160,62495,1024844.92607084
2012-07-26,169,68524,2318516.04223192
2012-07-27,178,60503,2180746.83197966
2012-07-28,153,78512,1742182.22720634
2012-07-29,166,75186,1109812.68052587
2012-07-30,176,74255,979401.96574373
2012-07-31,130,88632,2974358.70358371
2012-08-01,134,66873,2272795.16448478
2012-08-02,165,72222,1792453.02206516
2012-08-03,162,60905,1431240.18324971
2012-08-04,156,64536,1413394.37171065
2012-08-05,139,71168,1975735.42808808
2012-08-06,140,76109,1995321.80120204
2012-08-07,164,65121,1962914.29586961
2012-08-08,166,87041,1663888.80032216
2012-08-09,170,65667,1453200.80749878
2012-08-10,156,63413,1680986.28628401
2012-08-11,168,71524,1575641.26075243
2012-08-12,159,78633,1616952.22926342
2012-08-13,160,113606,1881743.97492387
2012-08-14,157,78152,1518953.17313662
2012-08-15,167,121504,1789685.95620369
2012-08-16,154,97598,2075711.64459994
2012-08-17,138,85167,2780903.16697827
2012-08-18,151,77441,2154735.3896763
2012-08-19,182,78825,5931168.23738053
2012-08-20,174,78060,9594904.58937627
2012-08-21,173,92660,5481598.72841163
2012-08-22,156,81360,7756104.55674526
2012-08-23,165,70630,7638815.71556488
2012-08-24,148,70314,11064106.02122833
2012-08-25,138,71525,4400537.45329193
2012-08-26,179,64505,3331598.20629218
2012-08-27,145,71241,6317082.6254072
2012-08-28,151,69389,6796522.21263393
2012-08-29,168,74111,14702323.79116506
2012-08-30,154,71876,11585110.83095029
2012-08-31,140,87364,8982904.49159762
2012-09-01,161,88545,8746895.33763101
2012-09-02,164,75567,5968122.58787703
2012-09-03,157,82490,3714021.95590237
2012-09-04,153,89149,6484795.36690481
2012-09-05,180,89376,9277781.79154851
2012-09-06,171,92425,21877517.26994189
2012-09-07,168,73078,18411825.08005058
2012-09-08,145,69585,7584282.22254519
2012-09-09,159,69666,3899432.33500635
2012-09-10,150,75215,18885869.63228873
2012-09-11,145,87458,20228603.97655977
2012-09-12,155,67025,10847443.67388216
2012-09-13,130,68249,22554539.96289379
2012-09-14,162,85325,18031417.29896179
2012-09-15,144,62772,6923687.50288295
2012-09-16,161,68266,14008370.57998828
2012-09-17,168,57716,13061001.16587795
2012-09-18,167,76016,12984463.33163787
2012-09-19,141,75078,31325866.37268023
2012-09-20,152,72273,15908406.78653258
2012-09-21,169,70983,25902484.29348125
2012-09-22,157,54619,14874052.14283896
2012-09-23,158,69162,7816618.25846502
2012-09-24,153,68250,8117048.82714502
2012-09-25,139,58168,1777419.04686031
2012-09-26,140,75726,1737748.15454293
2012-09-27,161,69386,1379102.89735693
2012-09-28,158,81061,2598231.54346788
2012-09-29,168,60944,1302616.35849109
2012-09-30,159,56308,1440029.626904
2012-10-01,131,75684,1625076.23660309
2012-10-02,146,74601,2006735.60108556
2012-10-03,133,64266,1259635.63462973
2012-10-04,131,76197,1195762.55084416
2012-10-05,136,86472,2635513.82825814
2012-10-06,155,79258,1977786.45727331
2012-10-07,125,88713,1787096.36611432
2012-10-08,178,95694,1776535.42793356
2012-10-09,142,88365,1364213.97951484
2012-10-10,149,78887,879149.4437025
2012-10-11,138,69684,1246301.99893081
2012-10-12,149,77326,2612813.63628589
2012-10-13,148,83626,2711467.03917123
2012-10-14,127,73362,1386647.67021741
2012-10-15,169,79361,864684.72271044
2012-10-16,155,88722,2748990.45137224
2012-10-17,142,84711,3334767.15764638
2012-10-18,157,76660,3397926.99333711
2012-10-19,135,65355,2692841.96944579
2012-10-20,158,79258,2695742.2575282
2012-10-21,161,100977,2354724.07009178
2012-10-22,157,102007,2267653.18340005
2012-10-23,130,81702,2607540.36586628
2012-10-24,162,85107,1904593.64145227
2012-10-25,143,67158,1462862.32735675
2012-10-26,165,58497,1038024.25427036
2012-10-27,175,45075,1686595.09497329
2012-10-28,166,48080,941882.04006051
2012-10-29,158,56761,1015491.50227461
2012-10-30,143,75375,4170129.20392759
2012-10-31,144,68479,3787017.53769842
2012-11-01,137,59404,2615517.5034297
2012-11-02,143,71622,878438.8582578
2012-11-03,146,61256,1912720.78146469
2012-11-04,157,59134,2247532.7899321
2012-11-05,160,79895,2302743.58858255
2012-11-06,135,78033,1895933.05798807
2012-11-07,157,86420,1854321.08802637
2012-11-08,154,80990,1329985.17617834
2012-11-09,152,66194,871909.5119833
2012-11-10,144,66017,438620.17661094
2012-11-11,147,59564,423492.02004404
2012-11-12,132,59457,485575.04480774
2012-11-13,140,63963,854362.51473726
2012-11-14,143,71809,1299843.87689714
2012-11-15,136,88300,2661089.92961646
2012-11-16,145,91688,3704500.18719605
2012-11-17,140,117881,2648679.66983084
2012-11-18,146,82378,2064001.39020862
2012-11-19,146,86890,1391564.73868091
2012-11-20,147,87944,1572790.85565218
2012-11-21,152,92979,926696.98992395
2012-11-22,144,77103,1442437.42491679
2012-11-23,163,82953,1140048.66387892
2012-11-24,151,73395,1179016.92178394
2012-11-25,146,87482,810454.88274146
2012-11-26,157,85996,1134762.01787243
2012-11-27,148,68144,1431090.11406301
2012-11-28,172,90213,1891268.83720604
2012-11-29,166,87851,1210830.35709083
2012-11-30,125,72601,789652.19251186
2012-12-01,167,79316,628526.65333422
2012-12-02,143,52959,1012070.13393342
2012-12-03,147,53616,1732242.63318312
2012-12-04,112,76341,2489158.49724505
2012-12-05,122,79012,2821654.36638257
2012-12-06,137,89391,3259297.24735023
2012-12-07,129,71997,2083190.92737668
2012-12-08,138,76697,1008269.91790941
2012-12-09,126,72935,1406703.82278512
2012-12-10,143,92834,1037451.3544315
2012-12-11,144,95295,1614011.87208673
2012-12-12,130,86624,3564199.86566575
2012-12-13,131,95183,3839017.04932054
2012-12-14,106,90953,2928410.72691803
2012-12-15,116,75230,1657365.63905873
2012-12-16,111,85549,1782516.03883898
2012-12-17,134,96811,1800835.93773044
2012-12-18,125,125859,2372973.19565816
2012-12-19,142,99930,1137275.06654353
2012-12-20,106,81434,935760.43120365
2012-12-21,126,95865,1664907.96552916
2012-12-22,153,114963,1402903.97916455
2012-12-23,122,86707,869430.56806957
2012-12-24,132,85108,1065971.68812088
2012-12-25,124,69602,604804.03036744
2012-12-26,154,86156,632401.3972737
2012-12-27,156,103079,814543.8785453
2012-12-28,169,112389,1076612.31170944
2012-12-29,144,93261,994091.68600133
2012-12-30,166,105795,764608.93940309
2012-12-31,158,74607,1369985.74192578
2013-01-01,162,78996,1491978.9455664
2013-01-02,153,95666,1947296.24272465
2013-01-03,162,95841,1742042.55488438
2013-01-04,153,111607,2328536.90418065
2013-01-05,141,93262,2100349.69785093
2013-01-06,145,81489,1101232.43963927
2013-01-07,168,95629,1492637.9386187
2013-01-08,133,90430,2147948.01943461
2013-01-09,130,98575,1720210.14844035
2013-01-10,147,121138,1335111.59088407
2013-01-11,117,117964,1332342.54265888
2013-01-12,122,104393,980520.6654974
2013-01-13,133,109688,886111.6136161
2013-01-14,157,101155,1119697.55223721
2013-01-15,121,106031,2092810.83530792
2013-01-16,131,120231,2235038.3642721
2013-01-17,111,110022,1828926.93799623
2013-01-18,121,112631,1655101.04212144
2013-01-19,154,125541,1542714.32995012
2013-01-20,130,94910,1199630.76251624
2013-01-21,132,91873,1152751.45753474
2013-01-22,144,100734,1463697.92007976
2013-01-23,126,111461,2413364.58271704
2013-01-24,156,107510,1616949.9583276
2013-01-25,137,111705,1564347.82846358
2013-01-26,156,119777,1344171.74612866
2013-01-27,151,126597,1471814.58888115
2013-01-28,147,127512,1690349.01613678
2013-01-29,158,122716,2426699.94863017
2013-01-30,153,97156,2692071.85630497
2013-01-31,193,120224,1589397.75430358
2013-02-01,147,136102,1813676.66738239
2013-02-02,153,121775,1354020.5829964
2013-02-03,186,139521,1389161.47991091
2013-02-04,164,126713,2012536.7587782
2013-02-05,167,122146,2006309.53281134
2013-02-06,146,99446,1860603.34300803
2013-02-07,154,137817,1728717.48548849
2013-02-08,151,136224,2189719.72664759
2013-02-09,143,130359,1816284.60361692
2013-02-10,161,127167,1370569.58929469
2013-02-11,159,131583,1328240.58315567
2013-02-12,139,131729,1273851.4583299
2013-02-13,171,134620,1221054.83556891
2013-02-14,151,114829,1502365.26186876
2013-02-15,179,126934,1285435.33982495
2013-02-16,189,122683,1268206.33584848
2013-02-17,188,121106,1145511.75715345
2013-02-18,161,119598,1236821.96972702
2013-02-19,159,127053,1456405.9595389
2013-02-20,193,139946,1200831.6777605
2013-02-21,176,127322,1050131.20155191
2013-02-22,170,144169,1578721.33242778
2013-02-23,164,133221,1283683.58685934
2013-02-24,156,128666,1707485.58272067
2013-02-25,204,153264,1869807.17198062
2013-02-26,166,146211,1633163.91339028
2013-02-27,193,143148,1537173.62018685
2013-02-28,168,147950,1485857.84081106
2013-03-01,152,151654,1647857.63740174
2013-03-02,145,129340,1496205.83929439
2013-03-03,161,128312,934113.47281153
2013-03-04,179,147372,979042.04453043
2013-03-05,139,130099,1938816.93461514
2013-03-06,155,143563,2323920.56609877
2013-03-07,160,152474,1659536.98910129
2013-03-08,160,129132,1209131.4149785
2013-03-09,169,127533,1024157.1787966
2013-03-10,183,174487,1241733.73357697
2013-03-11,164,141983,1007494.52407765
2013-03-12,135,121796,1491939.38320609
2013-03-13,157,137446,1505965.84316921
2013-03-14,179,145612,1188984.01285729
2013-03-15,172,163105,5346419.92604015
2013-03-16,175,103294,2307843.52784687
2013-03-17,209,91063,901237.47858146
2013-03-18,190,106946,3770851.66442027
2013-03-19,170,112478,1944707.41755042
2013-03-20,211,115972,1888210.0754919
2013-03-21,218,138961,2041885.32310167
2013-03-22,229,152617,1520085.0904457
2013-03-23,217,137255,1438447.32985638
2013-03-24,189,132249,995637.74768031
2013-03-25,144,126028,1544997.61120329
2013-03-26,151,134613,1848864.3870635
2013-03-27,131,133985,2738105.10623037
2013-03-28,183,158219,1826700.75781846
2013-03-29,174,160125,1460447.79390212
2013-03-30,173,145873,1823180.65779329
2013-03-31,169,120977,1540937.81770472
2013-04-01,198,149296,1449066.35097195
2013-04-02,181,174895,2588519.04728824
2013-04-03,175,181374,2371324.93158481
2013-04-04,154,186163,2292667.71146302
2013-04-05,158,165155,2062457.64162516
2013-04-06,163,146818,1333262.4873776
2013-04-07,164,175995,1089589.66350991
2013-04-08,155,181864,1528795.79372436
2013-04-09,176,169453,2079535.47011066
2013-04-10,191,169321,2880396.26020044
2013-04-11,160,184962,2399992.46603325
2013-04-12,173,159407,1774103.00022629
2013-04-13,167,142291,1306301.94481231
2013-04-14,153,153671,825566.18263167
2013-04-15,164,171602,1049837.79441594
2013-04-16,177,182216,1769743.00004366
2013-04-17,171,175376,1723555.43593957
2013-04-18,147,122943,5846871.99114988
2013-04-19,137,172867,1873867.48113592
2013-04-20,154,139990,1097718.37236749
2013-04-21,176,130316,983216.82537996
2013-04-22,153,153175,1649760.89058341
2013-04-23,168,169007,1580194.38896498
2013-04-24,162,189039,2164362.81202119
2013-04-25,172,175841,1637341.36884746
2013-04-26,171,160999,1179467.68214966
2013-04-27,147,135165,808262.65652641
2013-04-28,177,173840,579461.88215219
2013-04-29,174,166534,1889559.7793681
2013-04-30,149,146931,1003343.62821072
2013-05-01,151,151991,1350721.89140789
2013-05-02,134,157671,907309.08502689
2013-05-03,137,144723,809308.00395768
2013-05-04,159,171517,504688.3551806
2013-05-05,165,153342,638182.82988894
2013-05-06,166,168310,858406.01516437
2013-05-07,168,190787,973835.11901848
2013-05-08,165,181575,832093.76268093
2013-05-09,164,180398,695397.03847604
2013-05-10,172,205059,915183.67662371
2013-05-11,182,196327,675124.75254437
2013-05-12,168,182638,562565.70280105
2013-05-13,174,181564,1122091.96565821
2013-05-14,154,183055,784332.17756206
2013-05-15,141,180323,752790.90709724
2013-05-16,148,194616,723462.43963563
2013-05-17,161,152342,853440.74993436
2013-05-18,149,134039,748211.00918305
2013-05-19,156,128588,423542.73131068
2013-05-20,129,152013,540663.95540007
2013-05-21,151,154445,674482.9495352
2013-05-22,156,143925,738074.85908402
2013-05-23,174,155659,712349.95497666
2013-05-24,169,149150,759741.68136371
2013-05-25,165,131655,735659.27249557
2013-05-26,163,122586,388698.03030116
2013-05-27,176,148213,666608.37383459
2013-05-28,158,144531,705680.5312963
2013-05-29,168,144182,793664.29455616
2013-05-30,179,149719,629587.8097473
2013-05-31,175,137220,678617.77825816
2013-06-01,213,138794,485579.40437215
2013-06-02,199,130766,431875.33858134
2013-06-03,213,142959,780446.23647821
2013-06-04,213,144826,661631.30104075
2013-06-05,184,156341,681339.36436182
2013-06-06,181,134707,753930.87858103
2013-06-07,161,127092,678143.26756777
2013-06-08,181,117031,399038.35574934
2013-06-09,159,108736,675161.03028593
2013-06-10,174,109778,490545.12994933
2013-06-11,180,124589,598337.29085551
2013-06-12,203,116494,562038.78004472
2013-06-13,186,108891,607556.9546027
2013-06-14,180,120041,722485.19017262
2013-06-15,173,84826,415381.81084536
2013-06-16,185,99649,520682.4418572
2013-06-17,145,108704,578844.96411583
2013-06-18,140,105594,643222.15566893
2013-06-19,136,114033,582605.79761711
2013-06-20,154,120423,728607.97476081
2013-06-21,168,110297,712791.5281908
2013-06-22,176,107143,435026.73211883
2013-06-23,165,90080,340381.45436493
2013-06-24,150,105503,610053.04229761
2013-06-25,157,102696,717288.47123087
2013-06-26,174,111174,627165.90033107
2013-06-27,167,108768,564885.2213749
2013-06-28,169,116153,659916.0797393
2013-06-29,169,102604,532545.46654116
2013-06-30,153,77094,414309.76170303
2013-07-01,157,94321,868945.426626
2013-07-02,153,93491,735821.57437172
2013-07-03,184,87911,817460.90623676
2013-07-04,165,84663,854939.27471154
2013-07-05,186,89605,1074563.29069853
2013-07-06,187,79314,700586.23953932
2013-07-07,186,77434,643880.62695867
2013-07-08,192,93722,837670.93076807
2013-07-09,185,97970,1160903.93136742
2013-07-10,195,106626,1085169.04960412
2013-07-11,174,111915,1058476.98655273
2013-07-12,154,127694,1021508.46964031
2013-07-13,157,94632,877018.02426651
2013-07-14,172,89571,582276.54718181
2013-07-15,164,91697,702810.62608713
2013-07-16,164,96775,951379.76854342
2013-07-17,184,96655,1080936.13767809
2013-07-18,161,97226,1005895.89493841
2013-07-19,171,89195,819430.5514326
2013-07-20,186,85517,495922.44695365
2013-07-21,199,86178,496772.61056229
2013-07-22,165,93439,903335.2894468
2013-07-23,141,94148,1012489.36703893
2013-07-24,159,104949,907645.64023124
2013-07-25,146,100704,811961.74657074
2013-07-26,164,89270,788332.0111667
2013-07-27,181,87186,461605.52506848
2013-07-28,168,88531,618903.82383821
2013-07-29,178,100252,747853.11950396
2013-07-30,197,99741,1007108.94707157
2013-07-31,190,115151,863767.55968201
2013-08-01,177,150431,1147305.42498187
2013-08-02,192,118545,913464.11090763
2013-08-03,170,104519,676761.17403337
2013-08-04,179,99687,510656.31129367
2013-08-05,189,119396,851665.95787912
2013-08-06,190,123467,760801.13250651
2013-08-07,186,133558,813434.51731453
2013-08-08,205,131024,725445.14820294
2013-08-09,195,113758,621565.76822911
2013-08-10,210,121316,517054.84332389
2013-08-11,216,89501,429554.22934163
2013-08-12,216,142011,847386.8341265
2013-08-13,183,115800,1301581.43854274
2013-08-14,168,115770,1341894.85326905
2013-08-15,170,138975,821528.54958208
2013-08-16,168,155254,1073581.79579286
2013-08-17,190,126488,1006280.91829062
2013-08-18,194,129247,787710.94068269
2013-08-19,177,158919,1115101.01969808
2013-08-20,190,144404,972227.21300128
2013-08-21,196,136776,1275639.29731777
2013-08-22,216,150574,823544.67662604
2013-08-23,196,127150,826429.85849363
2013-08-24,183,120071,567935.89376631
2013-08-25,151,103684,555654.04702813
2013-08-26,166,127727,707687.39288628
2013-08-27,169,142057,910293.55172412
2013-08-28,178,148590,784253.76024091
2013-08-29,189,134381,2639151.65022077
2013-08-30,205,144389,831648.33488312
2013-08-31,223,129635,878729.1739754
2013-09-01,221,111569,823389.11545946
2013-09-02,215,120104,813920.6209656
2013-09-03,194,118803,949784.94032159
2013-09-04,163,121498,912174.71338502
2013-09-05,179,136698,887243.6611421
2013-09-06,185,140378,701587.70539066
2013-09-07,145,121246,629569.92945768
2013-09-08,157,107090,398165.85045693
2013-09-09,203,129593,1030766.75658513
2013-09-10,191,122891,645379.15046231
2013-09-11,200,116004,831685.54403533
2013-09-12,213,126600,703128.10109851
2013-09-13,204,110749,654237.86521235
2013-09-14,218,104349,572122.28329393
2013-09-15,181,127316,403507.54815521
2013-09-16,154,122743,678260.96673991
2013-09-17,179,153242,627615.18539857
2013-09-18,165,140320,806994.26975309
2013-09-19,190,139143,833883.78123293
2013-09-20,200,140942,734309.01587582
2013-09-21,189,126571,452074.31344503
2013-09-22,203,123592,495219.38307075
2013-09-23,210,152860,1001051.60133624
2013-09-24,212,147124,949071.8653525
2013-09-25,206,132755,827286.08765588
2013-09-26,162,134690,745552.08081135
2013-09-27,178,114767,690114.85160644
2013-09-28,177,103142,533432.69920544
2013-09-29,170,101786,554128.01529972
2013-09-30,163,115037,826774.03666542
2013-10-01,187,140505,1088077.93612211
2013-10-02,191,148072,1187078.86445546
2013-10-03,199,143553,927030.80085101
2013-10-04,180,126713,802173.69072064
2013-10-05,219,112553,448746.40709532
2013-10-06,185,103300,419308.26642164
2013-10-07,156,114237,688597.97994941
2013-10-08,161,117466,720282.91211955
2013-10-09,179,122663,904684.5609582
2013-10-10,192,137435,753238.36409605
2013-10-11,185,123347,829546.57661856
2013-10-12,214,119054,697904.05513336
2013-10-13,221,137018,712638.69297742
2013-10-14,250,141787,920794.58641609
2013-10-15,260,133591,924504.81325751
2013-10-16,210,129273,1022744.33727762
2013-10-17,167,115779,847370.72772647
2013-10-18,192,138497,937574.96508764
2013-10-19,223,139711,1007342.93202436
2013-10-20,199,126030,722759.76074263
2013-10-21,211,150083,1059197.27414245
2013-10-22,245,166249,1207623.10464838
2013-10-23,221,146293,1090723.87398026
2013-10-24,215,159302,1029103.30278826
2013-10-25,235,145819,2817468.47749548
2013-10-26,182,118978,686765.46939462
2013-10-27,179,109323,509803.64888496
2013-10-28,175,123988,645713.46709905
2013-10-29,160,122840,1686428.34703913
2013-10-30,195,128273,717093.16009177
2013-10-31,211,150881,685268.25298468
2013-11-01,208,117133,636845.85321991
2013-11-02,202,103851,649240.36489007
2013-11-03,192,101254,593816.36349698
2013-11-04,195,120094,974062.71460443
2013-11-05,174,136989,1115521.37805373
2013-11-06,163,141924,916641.17447346
2013-11-07,144,151033,1211667.36430474
2013-11-08,134,149257,1071531.00672896
2013-11-09,148,147229,900392.50001574
2013-11-10,171,149595,801259.56811759
2013-11-11,187,148457,748279.48955386
2013-11-12,201,156124,1109036.94013873
2013-11-13,168,161928,1267483.08227683
2013-11-14,183,176971,1155028.5940024
2013-11-15,166,158685,2576469.35807959
2013-11-16,194,131447,1491006.28339248
2013-11-17,186,136318,1158208.92269626
2013-11-18,156,197985,2124183.59639462
2013-11-19,161,230927,2269134.47189089
2013-11-20,164,195262,1690347.11982734
2013-11-21,150,182606,2192970.79045371
2013-11-22,172,201448,2393219.99735765
2013-11-23,170,185569,1533323.42331163
2013-11-24,168,156800,1518872.51146537
2013-11-25,173,180108,1449270.80265993
2013-11-26,159,211903,4028498.09525614
2013-11-27,173,231585,3323866.0138239
2013-11-28,181,239393,3418563.35385545
2013-11-29,173,220122,2602929.47680345
2013-11-30,176,194496,1866753.03376909
2013-12-01,195,181194,1494457.36330327
2013-12-02,159,195691,1424490.90497353
2013-12-03,200,200251,1190034.16224284
2013-12-04,171,205857,1348811.58234996
2013-12-05,170,209808,1550468.12636039
2013-12-06,208,194041,1163609.9891711
2013-12-07,195,178272,2357745.2902005
2013-12-08,195,135696,1219503.56891798
2013-12-09,176,181522,1216713.74314945
2013-12-10,192,176868,837532.2577056
2013-12-11,165,177329,1113758.03415721
2013-12-12,163,155747,915052.38521607
2013-12-13,174,169360,914506.24302839
2013-12-14,198,151878,620226.59435456
2013-12-15,177,145881,462646.42936824
2013-12-16,201,200394,2092813.08685136
2013-12-17,203,186643,1586643.43811418
2013-12-18,199,210013,1996820.80611571
2013-12-19,226,187153,1364026.92505516
2013-12-20,178,167631,940326.3078764
2013-12-21,161,154780,977633.71922497
2013-12-22,169,146823,920403.13949863
2013-12-23,171,179749,722235.1937914
2013-12-24,169,157841,886524.54996262
2013-12-25,162,157533,878219.31375555
2013-12-26,180,149496,620433.48358488
2013-12-27,184,153713,606017.94495161
2013-12-28,150,137134,614290.13532849
2013-12-29,168,142678,837535.4318256
2013-12-30,173,181200,814654.64256772
2013-12-31,184,143237,508295.96411944
2014-01-01,205,126484,538983.29208405
2014-01-02,134,153861,709298.49271074
2014-01-03,161,166839,897783.45737944
2014-01-04,141,140143,635106.07557659
2014-01-05,193,160553,934422.94384686
2014-01-06,186,200229,997845.84904696
2014-01-07,177,171949,924867.93332893
2014-01-08,193,178553,799048.95488471
2014-01-09,207,163842,597510.97757657
2014-01-10,187,154089,569351.60949481
2014-01-11,210,160323,425028.40182609
2014-01-12,207,146657,421547.01466838
2014-01-13,169,179728,529745.65716766
2014-01-14,162,153584,749007.49994018
2014-01-15,184,169579,605639.34324773
2014-01-16,185,159016,605276.84818911
2014-01-17,152,167279,426181.21767063
2014-01-18,174,139214,357883.18006107
2014-01-19,169,132389,567071.28780873
2014-01-20,195,208019,784430.30257989
2014-01-21,166,193816,622105.80791039
2014-01-22,192,185141,493075.89637302
2014-01-23,177,177189,512798.03151445
2014-01-24,189,179847,747873.45749072
2014-01-25,165,150854,463780.27367083
2014-01-26,152,148573,399122.97836039
2014-01-27,174,200613,907240.13009079
2014-01-28,154,181141,648369.53701774
2014-01-29,152,164994,485524.8547966
2014-01-30,176,175024,531188.20260698
2014-01-31,184,177338,409190.884239
2014-02-01,189,165634,452663.59863933
2014-02-02,186,157863,492688.41578987
2014-02-03,181,197060,482423.65230912
2014-02-04,172,208265,793134.54175214
2014-02-05,168,203498,800217.01393634
2014-02-06,182,210441,664620.69767254
2014-02-07,155,198934,867398.66475554
2014-02-08,182,191722,569456.79196771
2014-02-09,138,163716,491172.00215831
2014-02-10,156,198792,802093.12476466
2014-02-11,164,172507,701410.53870392
2014-02-12,178,172168,619251.51890814
2014-02-13,178,196981,646304.36054235
2014-02-14,191,222479,729124.97503864
2014-02-15,187,181290,963648.97871815
2014-02-16,195,156984,628651.47444668
2014-02-17,155,201453,505521.08463398
2014-02-18,163,196240,501226.92225058
2014-02-19,200,221129,461038.04781281
2014-02-20,177,218667,563356.8614577
2014-02-21,152,212994,521821.93313805
2014-02-22,180,185688,401810.97190207
2014-02-23,168,194251,415338.34789087
2014-02-24,191,256989,776198.31304859
2014-02-25,161,240548,1091107.01552091
2014-02-26,184,227926,697463.15692468
2014-02-27,188,221110,578796.5016019
2014-02-28,181,207522,593174.39460232
2014-03-01,144,203479,824438.37584879
2014-03-02,140,185198,555305.94336055
2014-03-03,148,275669,1068743.36684728
2014-03-04,149,272021,1026802.03411736
2014-03-05,156,229409,688295.99493056
2014-03-06,173,228184,629317.32733222
2014-03-07,166,220926,2470773.45865123
2014-03-08,168,199405,1585837.1661943
2014-03-09,179,207368,947172.40397327
2014-03-10,149,238452,1521682.94650499
2014-03-11,168,226425,988209.04639411
2014-03-12,182,230676,1058791.46765158
2014-03-13,162,227736,767859.00982927
2014-03-14,133,193216,628708.13596897
2014-03-15,165,167088,585263.36531477
2014-03-16,171,167380,389239.43818191
2014-03-17,161,209277,555550.20544395
2014-03-18,146,146773,2645634.24142833
2014-03-19,160,197577,1107106.06244923
2014-03-20,177,199417,684384.78191276
2014-03-21,186,214166,603562.37772001
2014-03-22,170,193262,420925.04319924
2014-03-23,214,181968,337434.36970348
2014-03-24,188,237775,675804.21028519
2014-03-25,157,206907,548070.45049047
2014-03-26,159,207076,521418.67611736
2014-03-27,173,214499,792964.84340704
2014-03-28,174,210541,827702.72146084
2014-03-29,175,178362,401860.02409627
2014-03-30,140,209870,601591.07378253
2014-03-31,180,199380,750539.66590506
2014-04-01,171,203308,687092.91288185
2014-04-02,197,206956,755860.89754824
2014-04-03,204,177115,789006.93231773
2014-04-04,195,206928,670524.7813644
2014-04-05,171,178344,731651.07988504
2014-04-06,151,212204,443646.54863991
2014-04-07,151,197692,467993.2298852
2014-04-08,134,204145,460051.0421968
2014-04-09,161,207249,606629.87726709
2014-04-10,155,208849,832228.29364562
2014-04-11,169,199899,785031.38965394
2014-04-12,161,146658,405025.84533255
2014-04-13,187,203419,415396.60189826
2014-04-14,193,213443,618413.59795976
2014-04-15,182,215599,669588.74259024
2014-04-16,159,210738,808972.6864872
2014-04-17,169,196351,814063.29799204
2014-04-18,160,178850,781666.57231755
2014-04-19,159,161652,460095.56668043
2014-04-20,178,198712,419106.17338328
2014-04-21,171,174653,726993.25944782
2014-04-22,154,242759,886317.34717551
2014-04-23,165,214057,680231.14710992
2014-04-24,151,218028,442259.66606829
2014-04-25,182,224867,557906.38545585
2014-04-26,163,155167,338826.03162942
2014-04-27,177,206760,304654.69931799
2014-04-28,152,202643,582844.6362666
2014-04-29,171,202127,563354.91173886
2014-04-30,137,193179,488615.80573754
2014-05-01,176,187433,449043.55572751
2014-05-02,161,185918,658715.60190671
2014-05-03,142,155202,557392.95987771
2014-05-04,151,204636,428868.45303587
2014-05-05,125,200897,633594.68157382
2014-05-06,194,224144,687403.18809151
2014-05-07,159,208586,840071.95687013
2014-05-08,167,201923,1349234.53233418
2014-05-09,170,197638,1255094.39227716
2014-05-10,179,168595,680089.58598087
2014-05-11,152,222897,450023.28192904
2014-05-12,164,210802,553883.03268301
2014-05-13,162,200082,678338.79486571
2014-05-14,150,208062,729099.51838821
2014-05-15,171,221217,826657.61641078
2014-05-16,181,193788,651741.42521548
2014-05-17,173,161377,486627.92486217
2014-05-18,172,202663,273970.03906822
2014-05-19,168,195047,529418.78619045
2014-05-20,177,226140,1500132.13561311
2014-05-21,175,205246,724297.92357684
2014-05-22,172,211790,773918.64020857
2014-05-23,165,213055,1247509.85330437
2014-05-24,154,155791,915433.54923007
2014-05-25,161,216166,841110.02373823
2014-05-26,158,199531,760758.62632806
2014-05-27,136,203852,951817.24944534
2014-05-28,169,213511,869282.33918296
2014-05-29,141,199386,659714.04511843
2014-05-30,167,189753,929717.75612655
2014-05-31,147,163731,588130.1598519
2014-06-01,175,215344,742697.83493065
2014-06-02,193,197679,952286.47300442
2014-06-03,178,213202,906999.06589162
2014-06-04,181,199372,1034394.4935154
2014-06-05,152,206870,950750.39134618
2014-06-06,139,194912,1049433.72248382
2014-06-07,155,158544,606545.18485857
2014-06-08,136,198457,772391.16230813
2014-06-09,156,187694,389374.16804036
2014-06-10,167,203121,595395.83750069
2014-06-11,146,192758,533894.91034423
2014-06-12,172,202643,1111447.5809375
2014-06-13,163,200965,746631.52725028
2014-06-14,178,173965,460635.31326712
2014-06-15,190,221635,447016.40928443
2014-06-16,188,210423,741260.5614988
2014-06-17,184,222335,483436.55138031
2014-06-18,158,197866,549689.61393627
2014-06-19,167,194640,723576.46392882
2014-06-20,186,181765,563146.48638239
2014-06-21,186,172269,461927.0467461
2014-06-22,180,213009,528044.17488257
2014-06-23,176,193983,623384.09521805
2014-06-24,188,199175,882381.49503438
2014-06-25,187,204444,503311.05008934
2014-06-26,171,191104,513326.25097798
2014-06-27,197,196694,487614.04597918
2014-06-28,182,170152,339025.57116161
2014-06-29,157,214015,352851.56286455
2014-06-30,132,214243,686283.74754687
2014-07-01,133,214590,891551.80631357
2014-07-02,137,205101,944001.27971554
2014-07-03,139,198364,604883.46454707
2014-07-04,166,179158,389934.98650206
2014-07-05,152,160196,421945.41946025
2014-07-06,142,222540,373704.72160022
2014-07-07,150,210116,470317.61042897
2014-07-08,150,234446,368883.9472385
2014-07-09,166,212429,467382.06926482
2014-07-10,149,197022,517645.02380387
2014-07-11,156,189315,423733.29769904
2014-07-12,157,182105,469369.13350994
2014-07-13,160,226973,482605.80662336
2014-07-14,135,188638,508730.20658139
2014-07-15,159,218854,564831.83003507
2014-07-16,144,195384,602509.23647919
2014-07-17,172,204415,468015.24890147
2014-07-18,172,192786,514425.22187011
2014-07-19,177,179749,308098.51656983
2014-07-20,155,227657,283901.8691612
2014-07-21,155,197264,448465.58673374
2014-07-22,142,196088,385105.17693014
2014-07-23,146,199524,414650.40002514
2014-07-24,143,203433,536981.67749723
2014-07-25,163,201147,495814.69960944
2014-07-26,134,168146,309235.9587127
2014-07-27,153,224746,261543.51479095
2014-07-28,150,200416,489947.47987066
2014-07-29,149,192235,495080.20147445
2014-07-30,172,203920,420687.44959001
2014-07-31,154,209584,427508.9224997
2014-08-01,157,208421,465864.56069885
2014-08-02,163,168367,389351.12384786
2014-08-03,154,211180,421225.07732615
2014-08-04,128,186797,428826.62552545
2014-08-05,135,227423,618996.16276632
2014-08-06,164,248227,465456.20366909
2014-08-07,160,207962,433895.63626164
2014-08-08,158,202402,338839.11798692
2014-08-09,182,184739,362484.43458255
2014-08-10,177,239260,363132.0733889
2014-08-11,182,235703,559067.8898128
2014-08-12,174,237409,737827.37338127
2014-08-13,145,227146,708436.23007353
2014-08-14,180,230769,747261.47033176
2014-08-15,165,213186,771484.02249828
2014-08-16,158,198142,673986.8053887
2014-08-17,170,248443,502236.3566195
2014-08-18,198,222980,1016626.9505249
2014-08-19,186,219985,631401.09070374
2014-08-20,169,217567,564014.5461763
2014-08-21,165,225979,769920.77825356
2014-08-22,157,204518,3174695.27841666
2014-08-23,162,169967,704590.9599892
2014-08-24,146,246319,415572.73288828
2014-08-25,137,208488,951963.74400383
2014-08-26,173,215466,1788493.64968413
2014-08-27,169,213754,1439343.09698352
2014-08-28,173,223619,733294.41630655
2014-08-29,170,191312,593794.32411057
2014-08-30,182,191434,597963.55773221
2014-08-31,188,223276,515766.19778094
2014-09-01,136,230557,708067.73216983
2014-09-02,147,212488,574265.51033437
2014-09-03,169,201280,502331.38738709
2014-09-04,158,205128,451973.79110887
2014-09-05,145,208264,494053.52591203
2014-09-06,179,188251,316335.57487559
2014-09-07,155,299744,372332.0463591
2014-09-08,144,220567,502091.93304956
2014-09-09,146,239736,523185.46901783
2014-09-10,157,210391,472432.48560981
2014-09-11,170,196900,449455.97513514
2014-09-12,154,195316,461999.16477574
2014-09-13,181,179205,329720.30279283
2014-09-14,158,307488,370679.11657083
2014-09-15,158,222114,463879.01168917
2014-09-16,171,247362,434785.75789944
2014-09-17,186,227493,477371.02960152
2014-09-18,179,221458,704089.5902956
2014-09-19,171,190782,709207.17472374
2014-09-20,176,189403,754422.16470032
2014-09-21,164,265820,801876.14256952
2014-09-22,168,226209,539538.21290015
2014-09-23,150,238741,788111.13708958
2014-09-24,156,243783,912778.14480144
2014-09-25,172,256255,679083.42249179
2014-09-26,134,216112,564149.00442385
2014-09-27,134,214707,519088.81413726
2014-09-28,130,309798,464556.3749445
2014-09-29,137,213742,704387.94967998
2014-09-30,153,243048,666870.44143405
2014-10-01,155,264989,700946.52412139
2014-10-02,138,213390,599334.68962421
2014-10-03,146,258668,727691.23507489
2014-10-04,154,225285,653572.49962109
2014-10-05,169,317617,928155.20103355
2014-10-06,161,227767,1129892.51005173
2014-10-07,134,231672,863049.42366288
2014-10-08,144,221570,904441.45202137
2014-10-09,148,227780,974536.00414035
2014-10-10,155,236560,985124.64011116
2014-10-11,144,190603,585164.33641766
2014-10-12,148,299252,473902.13031521
2014-10-13,155,243395,777900.51694175
2014-10-14,132,228745,892500.91076154
2014-10-15,151,236218,1203856.9351818
2014-10-16,148,211837,1055720.15899477
2014-10-17,142,207805,915354.26177882
2014-10-18,164,202642,601562.34266397
2014-10-19,133,296099,454054.11803526
2014-10-20,137,232021,830307.67791189
2014-10-21,153,238486,581714.05288524
2014-10-22,159,237928,866640.03909207
2014-10-23,151,227474,1087485.24245125
2014-10-24,159,216210,711103.09046952
2014-10-25,155,266702,914765.18954102
2014-10-26,125,246746,873574.27316591
2014-10-27,159,264506,1075298.66765512
2014-10-28,138,250316,843974.10086442
2014-10-29,155,257006,799636.4879915
2014-10-30,170,261533,714469.8837181
2014-10-31,188,239679,1292623.20016119
2014-11-01,159,204095,695834.0321818
2014-11-02,155,349958,551998.14639256
2014-11-03,169,250569,1077667.49614241
2014-11-04,162,246801,1137149.36067692
2014-11-05,138,245579,958586.36540753
2014-11-06,154,262777,755795.97081009
2014-11-07,150,235833,859523.14999217
2014-11-08,153,200454,566350.1301227
2014-11-09,150,334111,536383.14642568
2014-11-10,147,256459,937478.96746222
2014-11-11,129,243906,698875.89920079
2014-11-12,147,274259,1115072.5106244
2014-11-13,145,264872,1656517.99417878
2014-11-14,154,275084,954336.70359457
2014-11-15,140,210563,811752.51685642
2014-11-16,150,330823,727901.13754127
2014-11-17,144,250180,838436.98664857
2014-11-18,154,255765,983866.14596134
2014-11-19,141,247920,940122.15663453
2014-11-20,138,251022,1039330.40716552
2014-11-21,127,237094,1319260.31279387
2014-11-22,154,220847,790597.14972682
2014-11-23,142,339006,600423.48273607
2014-11-24,147,252224,798399.78861734
2014-11-25,132,241189,970483.0311384
2014-11-26,137,238579,1052627.49186416
2014-11-27,141,254892,997888.11838997
2014-11-28,148,247014,1348602.66606975
2014-11-29,157,219953,978881.2496573
2014-11-30,160,377530,980576.36342168
2014-12-01,130,271022,1310227.61941299
2014-12-02,150,293681,1369541.03599894
2014-12-03,116,279434,1221569.88021916
2014-12-04,146,275535,1067513.52941255
2014-12-05,156,291700,1159419.05330237
2014-12-06,137,229172,617000.75264281
2014-12-07,126,323643,819728.73553745
2014-12-08,163,277669,1654310.76733507
2014-12-09,142,252887,1153236.96245818
2014-12-10,143,254563,1324896.8268661
2014-12-11,148,248232,816064.53954584
2014-12-12,141,258639,973005.79475306
2014-12-13,146,210487,703931.53514334
2014-12-14,141,355530,620021.67712504
2014-12-15,141,291277,877938.53720842
2014-12-16,143,311562,991140.07151491
2014-12-17,128,291990,1131649.11339561
2014-12-18,129,288238,1149420.7041895
2014-12-19,137,288706,888146.57157495
2014-12-20,134,307640,716846.43794843
2014-12-21,132,279480,953544.87903656
2014-12-22,164,291480,1012482.57618785
2014-12-23,150,285122,1214044.75227505
2014-12-24,153,225776,830572.25051514
2014-12-25,158,201597,871329.65320261
2014-12-26,152,228153,711559.38353207
2014-12-27,152,248745,660397.51811221
2014-12-28,169,327500,695793.21276263
2014-12-29,164,225212,800353.94737387
2014-12-30,155,249304,1096888.92261215
2014-12-31,152,213315,952547.66887243
2015-01-01,165,163566,468753.5394721
2015-01-02,165,258978,732227.1628009
2015-01-03,162,291213,840791.74294131
2015-01-04,172,281033,1134011.44060634
2015-01-05,156,290881,1138485.2908289
2015-01-06,158,247755,1167816.87733332
2015-01-07,140,241714,1244955.47004684
2015-01-08,147,299907,1444881.24169447
2015-01-09,140,312006,1260617.84104151
2015-01-10,147,369200,968388.56048263
2015-01-11,155,301945,1238899.63290217
2015-01-12,142,275279,1033013.59831097
2015-01-13,127,297166,1777456.86680002
2015-01-14,145,307313,2405987.36630258
2015-01-15,151,339607,2577910.75284748
2015-01-16,139,303684,1954797.0475565
2015-01-17,138,358317,1129745.7400995
2015-01-18,153,289498,975319.02258964
2015-01-19,144,304450,1010771.6936924
2015-01-20,118,278983,1415745.68120537
2015-01-21,149,274064,1429334.28011065
2015-01-22,135,260779,1210357.46145527
2015-01-23,124,255473,1031664.17610119
2015-01-24,126,244954,1198004.70007392
2015-01-25,125,400375,939292.28231479
2015-01-26,127,308401,2117894.10454616
2015-01-27,149,286444,1168996.658023
2015-01-28,164,215448,931086.78451593
2015-01-29,164,251124,984245.54756232
2015-01-30,138,236325,892273.35362608
2015-01-31,166,333503,784700.31124483
2015-02-01,155,277511,756613.01280741
2015-02-02,159,248482,994219.90329918
2015-02-03,127,265167,1303829.04235944
2015-02-04,159,265408,1216663.51026021
2015-02-05,159,236038,1249085.90271385
2015-02-06,177,273027,942154.71120555
2015-02-07,159,232490,630706.70895764
2015-02-08,132,389909,642136.12003015
2015-02-09,161,293981,871703.07977969
2015-02-10,144,295234,837890.40533451
2015-02-11,158,287964,875765.9812503
2015-02-12,119,317277,740915.43935954
2015-02-13,146,514192,1038641.09712458
2015-02-14,160,340220,705935.30010554
2015-02-15,140,436318,736443.28019111
2015-02-16,157,362343,735152.02965232
2015-02-17,149,414954,802288.63612295
2015-02-18,167,305642,860241.96956069
2015-02-19,166,270936,711660.22688142
2015-02-20,158,286824,793592.58128176
2015-02-21,142,331621,616374.96936171
2015-02-22,151,318876,474504.96532363
2015-02-23,142,310695,832204.42714181
2015-02-24,129,284451,733761.65300079
2015-02-25,159,288167,830420.63234006
2015-02-26,150,277521,1154679.24584885
2015-02-27,152,283911,1508199.83557653
2015-02-28,142,344138,628807.62662685
2015-03-01,140,322307,1271223.76133816
2015-03-02,158,317151,1918811.46900274
2015-03-03,158,307692,1119273.26762523
2015-03-04,140,284041,900939.99478092
2015-03-05,132,292651,1092698.31564966
2015-03-06,148,266613,827288.90054342
2015-03-07,140,313788,1141946.23395377
2015-03-08,156,319007,2274954.46698581
2015-03-09,144,320007,1127088.02113919
2015-03-10,152,284875,1129610.6180623
2015-03-11,154,278584,889926.80506921
2015-03-12,131,262380,1062851.20747729
2015-03-13,146,282264,939969.16210779
2015-03-14,131,314108,803088.69263286
2015-03-15,143,319117,580275.5129342
2015-03-16,139,316568,942371.18345338
2015-03-17,128,278774,791384.66797971
2015-03-18,153,282079,1527886.93420486
2015-03-19,137,298046,1099027.91564454
2015-03-20,136,300406,828924.71982476
2015-03-21,151,312902,648767.14884284
2015-03-22,142,329569,494624.09466147
2015-03-23,145,328577,895888.58690352
2015-03-24,173,256874,962933.21272449
2015-03-25,162,266308,1074177.82554516
2015-03-26,148,284260,990488.31611712
2015-03-27,171,281933,1009654.61350996
2015-03-28,148,286551,636684.2846198
2015-03-29,153,336903,560267.52548873
2015-03-30,142,307942,864869.115915
2015-03-31,150,329693,853286.66465846
2015-04-01,132,324759,1081312.20885448
2015-04-02,166,316199,787470.61514789
2015-04-03,146,289987,741739.19857089
2015-04-04,153,314015,466174.89008989
2015-04-05,148,338509,456585.22120487
2015-04-06,126,308522,744633.7591238
2015-04-07,152,306685,798411.02042493
2015-04-08,125,306986,921436.63759978
2015-04-09,133,306951,889290.27054946
2015-04-10,152,317192,1018464.98026943
2015-04-11,140,341042,629073.65068637
2015-04-12,128,301449,482927.67354369
2015-04-13,156,331480,932492.33185901
2015-04-14,149,311058,993521.10255956
2015-04-15,122,281376,817384.22474437
2015-04-16,138,271416,1142185.79844247
2015-04-17,126,290438,1155280.22381179
2015-04-18,146,329161,778624.8933279
2015-04-19,145,325086,1011395.91346122
2015-04-20,154,326866,1313191.50913632
2015-04-21,153,293047,1267835.00982282
2015-04-22,152,317931,1313270.98687348
2015-04-23,130,317225,1142239.42380157
2015-04-24,124,300650,1254488.65835739
2015-04-25,163,337931,942009.38806928
2015-04-26,144,333300,1104967.22295089
2015-04-27,137,314388,1339966.49215276
2015-04-28,153,305122,1314843.55055658
2015-04-29,127,324494,1283313.52130591
2015-04-30,134,300183,1202935.4415092
2015-05-01,148,272525,1222705.27915783
2015-05-02,147,348747,841138.96688417
2015-05-03,141,302114,814678.10220186
2015-05-04,128,297681,1249214.42018554
2015-05-05,154,315360,1209226.60023041
2015-05-06,161,321011,1183663.59710918
2015-05-07,141,316721,1305959.25215719
2015-05-08,150,369932,1094583.25404979
2015-05-09,129,274293,891165.68002153
2015-05-10,129,320844,964880.00293743
2015-05-11,158,327595,1185811.58695766
2015-05-12,150,316841,1053433.90828445
2015-05-13,162,310033,1116788.21233466
2015-05-14,154,281076,1045569.81015677
2015-05-15,147,301528,946033.68571362
2015-05-16,132,330556,766837.93263564
2015-05-17,171,308744,624927.31679381
2015-05-18,144,297963,943037.22176944
2015-05-19,130,300803,1197521.89333394
2015-05-20,145,309624,1097789.81749264
2015-05-21,155,289154,951824.06553376
2015-05-22,138,311440,1306168.09834124
2015-05-23,112,279814,952580.49243369
2015-05-24,146,385081,726332.15597192
2015-05-25,141,334519,944628.1899099
2015-05-26,144,326670,1012801.84028888
2015-05-27,138,300728,1155364.8812966
2015-05-28,132,308052,1013080.77031102
2015-05-29,154,359794,1083044.47060875
2015-05-30,136,411795,910677.75513526
2015-05-31,148,347626,939481.63423064
2015-06-01,132,368599,1511638.92557009
2015-06-02,150,360338,1427614.34935346
2015-06-03,142,359537,1371892.7879374
2015-06-04,141,328440,1241860.24917246
2015-06-05,138,317752,1447942.09170958
2015-06-06,178,336214,1067922.86044114
2015-06-07,149,309884,985928.18279053
2015-06-08,157,303464,1129649.87868464
2015-06-09,151,327856,1280040.33589124
2015-06-10,169,399595,1315885.14684613
2015-06-11,135,329210,1270934.58421704
2015-06-12,142,370986,1366574.23232874
2015-06-13,159,349993,1059041.01432132
2015-06-14,148,355190,1314421.18751773
2015-06-15,144,406580,1488281.47796614
2015-06-16,118,386884,1882331.97802567
2015-06-17,158,466957,1896661.99324701
2015-06-18,156,510294,1470729.01722773
2015-06-19,147,444276,1862738.65546469
2015-06-20,134,336719,1106879.27677128
2015-06-21,124,352492,982028.3725665
2015-06-22,153,502274,1116461.80818952
2015-06-23,140,374720,1159177.86445754
2015-06-24,156,319841,1151794.27080249
2015-06-25,152,284544,954825.27331346
2015-06-26,154,350523,1523303.49053893
2015-06-27,129,378449,1268853.97409763
2015-06-28,141,341934,825968.9503403
2015-06-29,140,349684,1334497.09747369
2015-06-30,145,759518,1670248.60002074
2015-07-01,135,376398,1307377.46519544
2015-07-02,154,382234,1346675.49059166
2015-07-03,161,364477,1256857.34846538
2015-07-04,152,344989,931803.51253213
2015-07-05,142,371903,1148118.7431531
2015-07-06,181,743595,1515223.32559107
2015-07-07,134,891844,1252017.95388023
2015-07-08,161,1504764,1278701.82290422
2015-07-09,133,822374,1327555.34796364
2015-07-10,154,872550,1846251.52774275
2015-07-11,148,1444893,1282132.21166235
2015-07-12,135,1138206,1265050.1433552
2015-07-13,148,808290,1377993.23669711
2015-07-14,144,325751,1301094.15916548
2015-07-15,153,324695,1278826.69611876
2015-07-16,134,310840,1411380.25805183
2015-07-17,147,304845,1196198.21992371
2015-07-18,149,353277,912672.78234174
2015-07-19,152,387963,741667.31924929
2015-07-20,156,341816,1021035.40134784
2015-07-21,127,355435,1072092.57105595
2015-07-22,154,349498,1066781.86979559
2015-07-23,140,291706,1147723.09458962
2015-07-24,169,309756,1237475.71992339
2015-07-25,154,285852,775155.06955406
2015-07-26,144,448414,605701.15915549
2015-07-27,149,545164,1023387.28472386
2015-07-28,136,475750,1225712.79994698
2015-07-29,152,1535909,1124862.87126056
2015-07-30,134,1203632,1045771.38149004
2015-07-31,151,1621968,1036533.20835002
2015-08-01,155,1685670,795128.04576656
2015-08-02,151,535021,652971.45225527
2015-08-03,157,437649,1039238.01036461
2015-08-04,136,1305324,1190335.55150663
2015-08-05,133,1376332,1251881.95199382
2015-08-06,143,1501226,1164782.09964292
2015-08-07,137,552295,1135247.96613394
2015-08-08,161,326336,1260644.04190664
2015-08-09,142,315183,1243911.31982422
2015-08-10,167,346650,1252737.05403442
2015-08-11,162,317853,1189959.00416973
2015-08-12,126,332487,1367337.17584128
2015-08-13,147,327870,1476997.2123501
2015-08-14,142,318110,1396733.76104885
2015-08-15,137,310933,1051601.12839156
2015-08-16,138,322581,1102992.14464067
2015-08-17,147,325385,1534698.41447352
2015-08-18,141,343321,1838006.14031516
2015-08-19,156,331696,1672000.19389037
2015-08-20,150,323835,1614044.40955466
2015-08-21,165,328887,1443062.6605751
2015-08-22,158,356063,1298520.28880768
2015-08-23,134,335200,1054276.88783656
2015-08-24,155,356433,2044762.55924103
2015-08-25,135,345314,2090682.39652463
2015-08-26,161,335652,1602665.08233333
2015-08-27,137,334089,1521364.30173592
2015-08-28,155,346730,1696745.70956622
2015-08-29,160,344630,970603.20765135
2015-08-30,150,345570,796372.9679332
2015-08-31,157,365587,1289203.02631433
2015-09-01,154,364279,1450189.35933634
2015-09-02,160,2035035,1420760.40373926
2015-09-03,146,471866,1244428.4571728
2015-09-04,156,300886,1126207.63630026
2015-09-05,147,401639,927671.44731115
2015-09-06,144,352129,974590.22205547
2015-09-07,152,377514,1037449.43822172
2015-09-08,136,369270,1405755.72524582
2015-09-09,149,350231,1322667.48972444
2015-09-10,171,333310,1388529.81261104
2015-09-11,158,450358,1229166.28666882
2015-09-12,135,361565,792194.70143881
2015-09-13,151,442119,857284.68697763
2015-09-14,152,396909,1274802.36453356
2015-09-15,160,403102,1328808.24684986
2015-09-16,142,379713,1447703.35135686
2015-09-17,144,499988,1313550.11067816
2015-09-18,147,406400,1294189.43775994
2015-09-19,125,308448,1103841.71048611
2015-09-20,128,437493,921339.93116026
2015-09-21,132,398650,1626346.88548079
2015-09-22,157,420927,1509301.54905111
2015-09-23,158,356808,1275111.38661954
2015-09-24,140,343646,1218839.38380385
2015-09-25,164,351663,1377613.43558706
2015-09-26,147,349373,1031722.86317704
2015-09-27,149,365006,762307.97362298
2015-09-28,143,365718,1498942.32585883
2015-09-29,174,387826,1708232.25344776
2015-09-30,148,389145,1427955.31671063
2015-10-01,149,357285,1594273.51700912
2015-10-02,138,376114,1736936.17324965
2015-10-03,145,300092,1014633.64625697
2015-10-04,153,389225,875921.70145288
2015-10-05,153,334952,1376046.46078868
2015-10-06,142,370623,1746893.78552007
2015-10-07,133,354353,1467287.93117194
2015-10-08,140,365684,2024493.03942357
2015-10-09,126,290543,1285576.08755692
2015-10-10,160,381515,1202360.83765817
2015-10-11,146,333467,984354.27152275
2015-10-12,142,339391,1420597.10122915
2015-10-13,137,339328,1686833.09401906
2015-10-14,152,353913,1712379.26801327
2015-10-15,166,429043,1988422.69847142
2015-10-16,144,392290,1850429.2271679
2015-10-17,136,429136,1528651.21646131
2015-10-18,145,382222,1078549.97247945
2015-10-19,165,388766,1486021.03871472
2015-10-20,128,423367,1571077.20841233
2015-10-21,144,410974,1415030.64167153
2015-10-22,148,403929,1578891.06109877
2015-10-23,149,399107,1457532.56793875
2015-10-24,145,442125,1366695.17100088
2015-10-25,155,409240,1420121.2190068
2015-10-26,164,342001,1557555.6234375
2015-10-27,147,405468,1841851.1011985
2015-10-28,139,405231,2018300.80739473
2015-10-29,151,423102,2350028.92719132
2015-10-30,171,446980,2570362.49573105
2015-10-31,147,449376,1859735.45598104
2015-11-01,153,461336,1728973.13519118
2015-11-02,153,455185,2577333.99727873
2015-11-03,155,510512,3664257.98200513
2015-11-04,155,555995,11057976.93370931
2015-11-05,146,505951,3729387.69000474
2015-11-06,145,510990,2801172.9475355
2015-11-07,152,415585,2270257.38568465
2015-11-08,139,425376,1951961.57118544
2015-11-09,149,466013,3077511.09458104
2015-11-10,146,439561,2949523.74403397
2015-11-11,168,429240,3406609.13001863
2015-11-12,161,445833,3009330.15856211
2015-11-13,160,422708,2859815.65289682
2015-11-14,142,459872,3101801.95660264
2015-11-15,160,470163,2174095.9707659
2015-11-16,173,433925,2677886.97569288
2015-11-17,149,431888,1941829.00236853
2015-11-18,153,479268,1818395.25050335
2015-11-19,136,411612,2044159.95053836
2015-11-20,167,425193,2234969.79231177
2015-11-21,174,439128,1486007.49553139
2015-11-22,172,436210,1143630.17193178
2015-11-23,163,389456,1346455.36631821
2015-11-24,156,441271,1443783.47092553
2015-11-25,148,410393,1886760.52768574
2015-11-26,176,439440,2121111.66622834
2015-11-27,133,422346,2178876.03913418
2015-11-28,154,507705,1963586.13133985
2015-11-29,149,335336,1385292.60486472
2015-11-30,162,576429,2456831.95721292
2015-12-01,167,480291,2486562.89115708
2015-12-02,161,507333,2752052.2925249
2015-12-03,142,408365,2082292.17662109
2015-12-04,153,471788,2679265.33762503
2015-12-05,175,544145,4911502.15166979
2015-12-06,159,526680,5488139.03169665
2015-12-07,147,501342,3198317.65567795
2015-12-08,175,550518,3008976.09545382
2015-12-09,168,574959,3947929.92032884
2015-12-10,216,579374,3245902.97782918
2015-12-11,160,532563,3776131.77971594
2015-12-12,162,592377,3362852.45151952
2015-12-13,142,573185,5207976.68872467
2015-12-14,195,593016,4849779.81151321
2015-12-15,183,608051,4358464.70059666
2015-12-16,163,564032,4431091.60023883
2015-12-17,155,547197,4178403.35579944
2015-12-18,169,544605,4061563.68894738
2015-12-19,157,612366,3879031.19974418
2015-12-20,165,578907,3945090.58390042
2015-12-21,149,599932,5318227.10857971
2015-12-22,150,581895,4795572.96043857
2015-12-23,157,552232,4488757.24276041
2015-12-24,138,546490,4684927.76032665
2015-12-25,162,477830,3913272.87646014
2015-12-26,171,530421,2699655.45846315
2015-12-27,205,496113,1447421.01650303
2015-12-28,151,477365,2152309.07587046
2015-12-29,159,480725,2157841.57135711
2015-12-30,165,487830,2293384.81854435
2015-12-31,142,395512,1162597.62619319
2016-01-01,135,361519,957481.33860626
2016-01-02,145,455120,1037919.8070222
2016-01-03,145,478708,898547.95905675
2016-01-04,181,492865,1067068.3864188
2016-01-05,157,506371,1392599.19758624
2016-01-06,141,440544,1337496.90880526
2016-01-07,147,535250,1606573.86367237
2016-01-08,173,490006,1195551.72997421
2016-01-09,151,551926,849532.15428726
2016-01-10,175,514568,1160859.93187497
2016-01-11,170,530110,1824150.77178995
2016-01-12,170,558341,1280395.96688163
2016-01-13,148,487359,1409539.89068399
2016-01-14,133,494585,1228523.94450483
2016-01-15,122,480131,1728312.76958045
2016-01-16,142,547754,1473914.85920086
2016-01-17,151,655229,10358180.68754244
2016-01-18,173,561828,9462153.27350625
2016-01-19,133,489778,8804629.11109532
2016-01-20,152,598930,3967101.06612386
2016-01-21,137,595260,5266985.97493337
2016-01-22,176,570236,7717679.82261773
2016-01-23,179,567220,29768145.4690689
2016-01-24,171,586891,67354303.37141944
2016-01-25,162,599226,17367466.23097428
2016-01-26,160,619748,10394314.61062297
2016-01-27,155,596276,13896094.57514606
2016-01-28,146,590159,6084369.44543765
2016-01-29,169,564169,7175478.21655676
2016-01-30,187,583601,3422463.24380961
2016-01-31,181,559202,1704471.93934913
2016-02-01,161,562971,5353569.41784905
2016-02-02,180,669182,3818602.54542663
2016-02-03,179,506855,1577346.14794524
2016-02-04,168,551018,2485172.49065863
2016-02-05,188,617936,3487723.17900856
2016-02-06,200,658304,3137891.80174804
2016-02-07,176,730464,3041718.26933026
2016-02-08,148,615301,2629156.67830222
2016-02-09,176,615785,2225832.23531665
2016-02-10,164,610309,2646048.09174111
2016-02-11,192,597246,2657689.20097641
2016-02-12,171,552767,2665208.64134865
2016-02-13,156,523948,2598268.28923706
2016-02-14,166,590251,2778938.77073495
2016-02-15,152,600418,3880471.86323391
2016-02-16,138,556143,3966772.18243644
2016-02-17,155,634120,3984892.8377301
2016-02-18,169,577287,3852448.44859633
2016-02-19,145,566758,4782154.68657169
2016-02-20,150,603179,4131729.57801993
2016-02-21,128,630856,4198945.52375461
2016-02-22,127,648611,4461640.10569611
2016-02-23,136,632369,3962773.45320106
2016-02-24,118,547482,3669393.31000934
2016-02-25,155,595882,3095841.03048889
2016-02-26,140,544294,3286075.11194331
2016-02-27,147,532336,2530526.51953432
2016-02-28,134,590980,8486292.93903162
2016-02-29,133,676893,9924706.54607893
2016-03-01,141,702171,11003614.97886869
2016-03-02,157,673159,5716209.12695653
2016-03-03,135,658300,3528608.92765596
2016-03-04,155,547949,7461412.16075884
2016-03-05,150,614034,19515216.28360658
2016-03-06,148,498931,2011705.87655477
2016-03-07,133,473488,2900051.67409838
2016-03-08,154,552148,2311084.8744972
2016-03-09,168,498399,2065424.29087185
2016-03-10,155,517899,2439731.62911103
2016-03-11,160,506344,2364181.04728926
2016-03-12,144,435355,1829899.06284727
2016-03-13,133,480874,1621259.99444429
2016-03-14,152,525595,2416469.22500185
2016-03-15,161,525272,3177959.03758804
2016-03-16,152,521190,13343936.37540757
2016-03-17,141,556153,7984729.77627056
2016-03-18,136,526348,5239445.10760423
2016-03-19,136,509261,2190183.07291341
2016-03-20,146,540821,1773449.03632754
2016-03-21,139,537259,2041577.70603486
2016-03-22,148,575942,2235032.30981488
2016-03-23,149,505060,2066836.88775601
2016-03-24,147,491842,2286669.22964899
2016-03-25,146,466604,2113238.61883869
2016-03-26,153,465715,1505132.49050789
2016-03-27,141,471223,1737057.95705791
2016-03-28,170,527607,2086417.65634964
2016-03-29,157,549043,2116335.57329461
2016-03-30,147,511858,2032137.57179495
2016-03-31,124,507715,2188915.91051542
2016-04-01,153,571871,2181489.10641936
2016-04-02,139,503634,1758765.06294308
2016-04-03,142,526343,1561627.97313436
2016-04-04,166,579428,2132110.88507798
2016-04-05,155,554954,2257744.57700312
2016-04-06,157,590577,2397382.26260875
2016-04-07,139,561170,2739799.39498317
2016-04-08,144,560739,2728055.14345433
2016-04-09,162,529829,2249002.6857777
2016-04-10,173,545404,2005055.24206949
2016-04-11,153,601218,2571238.48109363
2016-04-12,148,638781,3495580.00077188
2016-04-13,164,580638,3218812.19489477
2016-04-14,164,603612,2964839.21267847
2016-04-15,139,554934,3822217.79648834
2016-04-16,138,485755,3051672.78756777
2016-04-17,158,566973,2619262.39434023
2016-04-18,134,587000,3962456.69354227
2016-04-19,150,594598,3705997.50688857
2016-04-20,165,558978,4077380.51886435
2016-04-21,151,583239,5033188.76173016
2016-04-22,143,532268,5290883.16457524
2016-04-23,144,538990,3426251.69739954
2016-04-24,132,543874,2223869.59472047
2016-04-25,127,588903,2719385.88902636
2016-04-26,151,659056,2770136.73431053
2016-04-27,129,591977,2485051.22430106
2016-04-28,135,625134,2696007.30991093
2016-04-29,158,722914,2522444.2024728
2016-04-30,146,598873,1899766.44961192
2016-05-01,155,564675,1879509.59913172
2016-05-02,157,602396,2450687.78288665
2016-05-03,151,572339,2273860.03890545
2016-05-04,167,606953,2276671.25020778
2016-05-05,155,571566,2161621.79433209
2016-05-06,162,574270,2321255.50011312
2016-05-07,150,510825,1893689.3601491
2016-05-08,168,528788,1623830.87948788
2016-05-09,171,601115,2062306.88266356
2016-05-10,158,619158,2211911.67398541
2016-05-11,133,581632,2510174.68513659
2016-05-12,139,566231,2295414.38032214
2016-05-13,152,595423,2577781.01106013
2016-05-14,144,580829,1910552.81003982
2016-05-15,139,566416,2042797.05916131
2016-05-16,141,687450,2688738.83398478
2016-05-17,141,656361,2703819.91509472
2016-05-18,153,728988,2250192.07043046
2016-05-19,120,584123,2544431.12892336
2016-05-20,149,536225,2134599.69177595
2016-05-21,141,530704,1578456.14886437
2016-05-22,184,507635,1512379.66885889
2016-05-23,180,611189,2136312.56336803
2016-05-24,147,645885,2514701.15828523
2016-05-25,138,612449,3341037.90462699
2016-05-26,135,545317,3584245.58541593
2016-05-27,139,586304,4124114.20189379
2016-05-28,133,537910,3665525.35247352
2016-05-29,147,498466,2740859.08647322
2016-05-30,144,606539,2248406.36842614
2016-05-31,127,555048,2561419.97723386
2016-06-01,143,612866,2351967.05419546
2016-06-02,138,582532,2342608.49726503
2016-06-03,142,596981,1938990.17388676
2016-06-04,119,542881,1493595.27664076
2016-06-05,170,535539,1831988.03548366
2016-06-06,170,605162,1964198.1842534
2016-06-07,140,609699,2122375.93883511
2016-06-08,144,576996,2004179.70546409
2016-06-09,165,637657,2095207.93460922
2016-06-10,144,616725,2301811.95545437
2016-06-11,156,576749,1894576.3445866
2016-06-12,146,611113,2831538.69084227
2016-06-13,161,661425,2757346.67011431
2016-06-14,132,589680,2356791.52231669
2016-06-15,152,670320,2299856.85704804
2016-06-16,149,705745,2796295.7202941
2016-06-17,149,669031,2774465.08796198
2016-06-18,158,633915,2340086.59484691
2016-06-19,177,604561,2011496.98884978
2016-06-20,164,695009,2647568.48398107
2016-06-21,149,667270,2849547.25253714
2016-06-22,129,591003,2712263.67560064
2016-06-23,140,642413,3159340.64339527
2016-06-24,129,623080,2795725.67770019
2016-06-25,162,580892,2121582.98353539
2016-06-26,146,536646,1791420.03146528
2016-06-27,147,556462,2170091.79897419
2016-06-28,148,587578,1865761.06385133
2016-06-29,146,537910,1988551.27082552
2016-06-30,150,584069,2084880.76119618
2016-07-01,155,513642,2011713.67178106
2016-07-02,149,502650,2151502.29902411
2016-07-03,154,493235,1737085.84009891
2016-07-04,151,577790,2599568.95010456
2016-07-05,145,554056,2054743.90302967
2016-07-06,140,547054,2039637.04309725
2016-07-07,137,531632,2830532.13542541
2016-07-08,145,555979,2290691.94190389
2016-07-09,149,509494,1891222.92486778
2016-07-10,156,448469,1522989.68799839
2016-07-11,143,570995,2224457.95194936
2016-07-12,143,546756,2314128.38521403
2016-07-13,129,528196,2253579.81889682
2016-07-14,141,537841,2097269.92917887
2016-07-15,135,533429,3349411.14443499
2016-07-16,157,494048,1965918.49664543
2016-07-17,149,471712,2055306.59991924
2016-07-18,148,568390,2255407.84442382
2016-07-19,128,550219,2539145.56392858
2016-07-20,150,554586,2456917.48286132
2016-07-21,133,546894,2207379.88049399
2016-07-22,129,545601,2421306.20175058
2016-07-23,131,497705,1834612.75600814
2016-07-24,124,497599,1846664.91968394
2016-07-25,131,596467,1927857.04675701
2016-07-26,129,602552,2310580.41755708
2016-07-27,128,548614,2515469.55689173
2016-07-28,136,588732,2460612.9358153
2016-07-29,147,537157,2139879.12046977
2016-07-30,119,534188,1878531.69123546
2016-07-31,154,493335,1858564.33696221
2016-08-01,153,586493,1726830.89065966
2016-08-02,154,603074,3522076.09522781
2016-08-03,166,612496,2478092.16795296
2016-08-04,153,556781,3004674.78012408
2016-08-05,169,556045,2291567.35181081
2016-08-06,166,506477,1516812.65860045
2016-08-07,148,499029,1875748.716217
2016-08-08,148,600922,1971245.14071842
2016-08-09,124,559609,2222267.86115351
2016-08-10,151,610161,2170929.49399166
2016-08-11,150,630081,2254855.17260141
2016-08-12,149,571788,1924492.13278677
2016-08-13,163,537632,2049092.91864336
2016-08-14,163,533825,1716569.43644686
2016-08-15,146,502906,2077130.22974418
2016-08-16,135,610164,2731958.30621631
2016-08-17,123,586189,1999807.95612005
2016-08-18,154,579453,2327792.80487518
2016-08-19,154,579118,2377047.79111283
2016-08-20,155,554586,2097223.39722782
2016-08-21,163,501182,1338909.5767391
2016-08-22,158,577213,1984740.6791983
2016-08-23,147,564904,2090785.99723595
2016-08-24,152,588707,2098712.58072258
2016-08-25,130,572897,2132803.99048354
2016-08-26,132,548157,2092780.60537505
2016-08-27,144,504624,1464561.62205711
2016-08-28,152,459081,1302221.63494112
2016-08-29,149,534141,1714220.63370491
2016-08-30,164,630684,1814694.81156346
2016-08-31,134,540030,1777557.92231963
2016-09-01,140,554194,1783678.09397104
2016-09-02,153,544877,1595134.29340229
2016-09-03,126,476950,1308424.92080702
2016-09-04,179,484399,1160632.75421504
2016-09-05,140,595479,1713681.50703508
2016-09-06,136,610183,1600893.41987835
2016-09-07,152,594762,1603741.19003796
2016-09-08,144,564521,1626880.30093212
2016-09-09,142,529153,1750922.90957102
2016-09-10,155,485393,1478034.97617189
2016-09-11,164,498935,1506619.98466324
2016-09-12,163,543681,1672258.49155227
2016-09-13,165,573088,1981907.52996849
2016-09-14,156,548451,1897616.61809998
2016-09-15,154,560153,1564540.18509611
2016-09-16,139,504097,1880952.09103412
2016-09-17,163,550478,1475509.56483543
2016-09-18,145,504440,1626466.70879886
2016-09-19,133,549694,2074708.00794685
2016-09-20,151,598087,2268567.27211901
2016-09-21,166,586525,1867494.60631729
2016-09-22,141,544570,2326674.0280347
2016-09-23,136,525433,2253377.47809898
2016-09-24,166,510540,2019184.95092598
2016-09-25,185,511970,1851826.56692238
2016-09-26,153,576282,2278155.60187445
2016-09-27,167,583893,1737650.31426221
2016-09-28,148,582015,2545689.05698079
2016-09-29,143,599720,1838851.92448833
2016-09-30,142,607387,2464312.41000339
2016-10-01,157,536521,1536124.18253851
2016-10-02,141,489805,1420395.1808181
2016-10-03,151,671125,1992727.40504124
2016-10-04,158,652938,1906791.15251349
2016-10-05,167,650902,2302843.29977647
2016-10-06,161,712317,2291725.00663057
2016-10-07,143,647542,2368166.59961457
2016-10-08,169,623627,2376975.88288046
2016-10-09,160,553859,2698212.13166017
2016-10-10,124,533735,2585917.32208802
2016-10-11,139,643322,2864039.24135101
2016-10-12,144,593487,2691149.30440773
2016-10-13,128,578990,2088161.19223908
2016-10-14,136,640423,2021409.06019789
2016-10-15,142,562826,3408105.66958182
2016-10-16,130,502543,2461115.97557144
2016-10-17,125,561226,1887070.93736659
2016-10-18,155,610949,2509108.68066043
2016-10-19,125,456946,1937925.86409969
2016-10-20,134,643225,2465644.968719
2016-10-21,164,654095,3172355.53479678
2016-10-22,149,518626,1351493.2184269
2016-10-23,144,487940,1877896.51694899
2016-10-24,143,543296,3736942.23494067
2016-10-25,139,570528,3108006.83436674
2016-10-26,138,513805,2161155.1474722
2016-10-27,162,772634,3492141.35920222
2016-10-28,152,595887,1564832.96989642
2016-10-29,149,556223,1503224.75170966
2016-10-30,168,479135,1342234.97455331
2016-10-31,147,617177,1806193.77652676
2016-11-01,144,586823,1846449.78255955
2016-11-02,133,615743,4781474.41264023
2016-11-03,155,636913,6817502.78508207
2016-11-04,116,575853,5890890.01915306
2016-11-05,147,595439,5803605.83192715
2016-11-06,153,581817,5398763.86749873
2016-11-07,146,663199,4470465.95385469
2016-11-08,169,711260,3497745.19994558
2016-11-09,147,639275,2694658.10429461
2016-11-10,168,644567,1759909.00427501
2016-11-11,163,592501,1395606.56764894
2016-11-12,168,586946,950069.93175984
2016-11-13,142,558865,1119373.69876735
2016-11-14,172,666591,1547251.34937591
2016-11-15,156,692383,1759582.2338065
2016-11-16,171,680704,1956468.28854499
2016-11-17,159,671977,1604094.50628332
2016-11-18,148,690278,1605921.95574594
2016-11-19,142,645594,1119382.03027167
2016-11-20,128,639659,1161609.41213045
2016-11-21,139,714576,1560261.71993762
2016-11-22,134,738725,1711822.46950454
2016-11-23,147,701679,1723439.70294708
2016-11-24,162,799439,1870554.8365703
2016-11-25,152,727681,1465067.3963313
2016-11-26,153,680528,1204193.18486174
2016-11-27,144,591454,950718.26391209
2016-11-28,164,723269,1514724.19163008
2016-11-29,149,687777,1410084.88192302
2016-11-30,142,696433,1366660.3885926
2016-12-01,146,565965,1513280.75387222
2016-12-02,143,777262,1784511.1801359
2016-12-03,172,704934,1235161.95219588
2016-12-04,148,585824,916341.42138662
2016-12-05,152,681965,1721222.67250402
2016-12-06,150,749978,1651414.71147095
2016-12-07,174,744849,1547890.89333649
2016-12-08,157,654494,1425236.29620903
2016-12-09,135,626837,1526017.12753924
2016-12-10,132,596580,1170744.74867142
2016-12-11,187,581600,1060663.65452387
2016-12-12,156,643240,1692640.2805042
2016-12-13,178,672742,1566232.61036767
2016-12-14,139,657317,1655833.79460135
2016-12-15,127,638354,2047186.30565281
2016-12-16,133,675541,1883877.69280813
2016-12-17,144,620985,1321325.89500423
2016-12-18,141,547375,1411672.89554392
2016-12-19,151,682997,1841738.49161003
2016-12-20,138,683553,1939201.3316321
2016-12-21,159,736184,2851534.3441744
2016-12-22,159,718429,2459189.60192818
2016-12-23,152,711950,2633796.22254997
2016-12-24,137,570322,1526634.41658269
2016-12-25,165,475284,1094479.33657708
2016-12-26,142,598151,1513037.04037673
2016-12-27,156,689164,2242009.72892466
2016-12-28,164,697636,2063689.69191721
2016-12-29,150,703007,1781841.82843875
2016-12-30,157,696861,2207636.67870298
2016-12-31,148,634238,1379308.87090979
2017-01-01,156,564538,1084340.88487883
2017-01-02,159,782100,1573981.61537318
2017-01-03,164,797735,1950525.35497193
2017-01-04,153,789606,2482037.82084992
2017-01-05,140,677443,2998215.1115476
2017-01-06,161,798358,3100652.30632102
2017-01-07,138,715768,2152944.55351852
2017-01-08,167,640288,1679995.29932851
2017-01-09,136,658996,2095379.05522492
2017-01-10,160,768101,2359325.55048213
2017-01-11,153,685325,3980330.05363409
2017-01-12,172,670074,3521724.14320336
2017-01-13,150,639010,2361739.55816023
2017-01-14,172,597972,1500321.71960315
2017-01-15,167,563818,1725125.55521011
2017-01-16,169,637316,2087940.5458589
2017-01-17,158,714357,2310740.48936348
2017-01-18,150,699309,1935116.59199942
2017-01-19,174,702109,2603895.11021261
2017-01-20,189,700338,2588414.2228519
2017-01-21,181,649012,1533463.23287317
2017-01-22,174,581840,1135726.93181573
2017-01-23,138,573137,1522815.6675436
2017-01-24,149,655702,1956073.13571153
2017-01-25,149,710251,1930677.63619008
2017-01-26,155,728897,2113175.40297524
2017-01-27,170,629803,1800256.17837771
2017-01-28,152,619316,1249362.25322997
2017-01-29,167,617637,1375857.61441293
2017-01-30,144,612403,1462181.22228703
2017-01-31,145,722405,1791768.77982267
2017-02-01,192,896356,2078948.61654927
2017-02-02,157,671752,1851685.66567972
2017-02-03,149,799170,2438292.66080767
2017-02-04,144,677634,2118864.57790251
2017-02-05,159,680397,1800248.44228853
2017-02-06,125,579818,1679402.41655712
2017-02-07,151,739419,2038903.52207676
2017-02-08,146,707090,1959826.10628621
2017-02-09,169,786423,3197018.8721855
2017-02-10,147,702696,2744074.81923349
2017-02-11,139,637608,1418142.39805423
2017-02-12,140,570537,954999.56756781
2017-02-13,163,682406,1591074.64555236
2017-02-14,169,726430,1925169.97318271
2017-02-15,139,677725,1750347.68364851
2017-02-16,151,670289,2986480.93924544
2017-02-17,151,805209,2501945.95773614
2017-02-18,151,692025,1248556.85912769
2017-02-19,134,610335,1419255.29316553
2017-02-20,148,689042,1561277.91468099
2017-02-21,138,661007,1754148.40967314
2017-02-22,138,666336,2548904.03381841
2017-02-23,150,747364,3342958.48696884
2017-02-24,163,790857,1919952.53574806
2017-02-25,167,785010,1233214.15529548
2017-02-26,178,680874,1128100.26650729
2017-02-27,144,684132,1881223.05020547
2017-02-28,153,755332,1954778.73833876
2017-03-01,144,739620,2493836.06705258
2017-03-02,157,771120,2742003.35844942
2017-03-03,151,787788,4558368.40204178
2017-03-04,132,652093,1974194.90352166
2017-03-05,147,695425,1232770.74083629
2017-03-06,142,716488,1915378.95980437
2017-03-07,153,770554,2099918.9417359
2017-03-08,142,710329,2522734.84456735
2017-03-09,148,739904,5699545.52327675
2017-03-10,156,746039,2751691.90466803
2017-03-11,149,696990,1651256.17430034
2017-03-12,155,585598,1201859.26650813
2017-03-13,145,690389,2089770.02013271
2017-03-14,156,748447,2703063.85043817
2017-03-15,142,713404,2274799.1552319
2017-03-16,153,798175,3316344.04046344
2017-03-17,154,728387,3122262.97578238
2017-03-18,157,676234,2599334.28131555
2017-03-19,165,690161,6345239.35675561
2017-03-20,136,696776,3296575.00979041
2017-03-21,142,725839,6200927.72223978
2017-03-22,159,777034,5240108.86225039
2017-03-23,148,731300,2379458.03192202
2017-03-24,176,734776,3876256.75352733
2017-03-25,133,641049,3359560.98986217
2017-03-26,166,616664,1772687.2730565
2017-03-27,132,615703,2337117.33448516
2017-03-28,155,742513,2332205.31071153
2017-03-29,138,720951,1812147.84262912
2017-03-30,164,714338,2164789.7447987
2017-03-31,135,644650,3573848.96368438
2017-04-01,132,663363,2859605.75588997
2017-04-02,158,674185,4026308.73617334
2017-04-03,176,755799,4163240.21378063
2017-04-04,125,648328,2476603.49839915
2017-04-05,162,803171,2295660.84994726
2017-04-06,147,741337,2045375.19459594
2017-04-07,162,742041,5893220.1862937
2017-04-08,137,618774,9838136.84090639
2017-04-09,159,664405,1512371.72667516
2017-04-10,147,734707,2077781.89695055
2017-04-11,167,805787,2024632.20661539
2017-04-12,142,755361,2068435.88265545
2017-04-13,127,628727,2143228.00545793
2017-04-14,139,823416,2216168.37031121
2017-04-15,150,785350,1610347.30360734
2017-04-16,146,654009,1902570.09487092
2017-04-17,138,695241,2451805.09494566
2017-04-18,146,731266,2456420.95456165
2017-04-19,143,748748,2176695.98998885
2017-04-20,138,634696,2222758.11604672
2017-04-21,167,827634,2339052.35665688
2017-04-22,145,689969,1746209.31232687
2017-04-23,153,633981,1577942.29954599
2017-04-24,124,572214,1940799.63446908
2017-04-25,148,764067,3246840.06083126
2017-04-26,153,793869,2429753.95319411
2017-04-27,147,733959,2636893.44726295
2017-04-28,136,749803,2454474.32371981
2017-04-29,173,856295,2085973.14816435
2017-04-30,151,705139,1786432.98478772
2017-05-01,150,723369,2509004.84642654
2017-05-02,158,808439,2531694.30522707
2017-05-03,132,711094,2625551.83579823
2017-05-04,168,891845,2892428.85815552
2017-05-05,129,683280,2863316.31076466
2017-05-06,168,880442,2713257.08179427
2017-05-07,167,767740,2213326.70430991
2017-05-08,180,902129,3877215.60055789
2017-05-09,155,803436,3162517.25139167
2017-05-10,148,793277,3874769.78499676
2017-05-11,135,736488,3043753.15753014
2017-05-12,154,796163,3073037.69219196
2017-05-13,158,805175,3010157.61381839
2017-05-14,164,885549,2545656.4177374
2017-05-15,170,853932,3103702.0860401
2017-05-16,132,576834,2799129.21608075
2017-05-17,155,779943,4046479.1362403
2017-05-18,142,723512,3210225.94467341
2017-05-19,164,814359,2945763.68201335
2017-05-20,165,809561,2804084.67104612
2017-05-21,147,766108,2312823.37124224
2017-05-22,146,773176,3323799.8645585
2017-05-23,168,888023,4112953.88938068
2017-05-24,154,837484,3588186.52070526
2017-05-25,163,853622,3530884.9287766
2017-05-26,153,815923,2804635.98055144
2017-05-27,168,855140,2657377.9514045
2017-05-28,165,783604,2786546.06826741
2017-05-29,151,803619,2525128.96458489
2017-05-30,179,854729,3826430.14816413
2017-05-31,164,826804,3330411.62442271
2017-06-01,170,813524,3357411.23059463
2017-06-02,146,711730,2928808.54262625
2017-06-03,192,828892,3233909.07777391
2017-06-04,161,727317,3486275.16396496
2017-06-05,164,735726,3259528.68113647
2017-06-06,151,771002,2545677.65511058
2017-06-07,165,825196,2630808.40539208
2017-06-08,165,773019,2395589.20058031
2017-06-09,151,724675,2596621.09418937
2017-06-10,141,646678,2449118.61011924
2017-06-11,146,581509,2301534.23117236
2017-06-12,147,678437,2893538.970918
2017-06-13,141,764631,3332828.04807174
2017-06-14,140,715419,3266873.63574763
2017-06-15,153,733315,3066425.90119852
2017-06-16,148,677640,3448634.12057126
2017-06-17,145,598939,2338185.94032216
2017-06-18,145,542511,2263317.85615952
2017-06-19,151,675988,3071769.1186712
2017-06-20,138,723104,3018444.73833646
2017-06-21,140,744937,3625571.8708005
2017-06-22,139,691581,3267161.42806557
2017-06-23,160,651225,2401755.51512493
2017-06-24,146,596479,2254175.1962506
2017-06-25,122,483570,1868429.04665603
2017-06-26,142,653594,3779418.89569924
2017-06-27,131,713663,2770208.70309384
2017-06-28,157,695541,2823966.12788099
2017-06-29,120,574777,3186635.15883391
2017-06-30,154,697296,3475033.63820546
2017-07-01,164,566916,2316434.73344175
2017-07-02,188,520931,1799632.14846133
2017-07-03,170,633906,2832034.60303896
2017-07-04,153,693649,2286343.30467359
2017-07-05,149,611351,2513987.23811052
2017-07-06,142,579488,2215848.5913875
2017-07-07,148,699670,2453741.07715304
2017-07-08,165,575288,2699738.77099774
2017-07-09,138,498738,2367596.8213848
2017-07-10,197,736740,3269080.45651825
2017-07-11,173,715543,2896549.04491078
2017-07-12,177,655195,2631445.67662563
2017-07-13,157,629562,2516299.99475323
2017-07-14,139,610632,2601799.879111
2017-07-15,127,581907,1958573.71804338
2017-07-16,163,526035,2035268.69111756
2017-07-17,148,607268,2658035.61301638
2017-07-18,165,707975,2653766.96798901
2017-07-19,149,662867,2509365.82786204
2017-07-20,162,598828,2443211.00041247
2017-07-21,154,719233,2264274.48135723
2017-07-22,160,581700,1793088.27485509
2017-07-23,172,473027,1600323.65108757
2017-07-24,178,628061,2393466.60029161
2017-07-25,148,665748,7336256.31276614
2017-07-26,147,614884,3704928.86247153
2017-07-27,154,594685,2481256.08559528
2017-07-28,150,651348,4203872.08972441
2017-07-29,157,549839,4134542.02443456
2017-07-30,147,471696,8866222.52448205
2017-07-31,145,583220,2947402.79044772
2017-08-01,149,352424,2633798.15211866
2017-08-02,152,551807,2820428.45897889
2017-08-03,138,565929,2133227.078621
2017-08-04,179,619206,2329716.15325999
2017-08-05,177,607425,1958602.78141455
2017-08-06,140,524522,1759850.47466035
2017-08-07,153,648365,2359919.57315269
2017-08-08,164,737122,2700000.25991305
2017-08-09,138,693171,2423175.5980359
2017-08-10,134,702094,2835042.93782607
2017-08-11,144,753294,3229999.64436041
2017-08-12,135,663850,2414521.11750102
2017-08-13,148,705024,2243479.26248676
2017-08-14,130,672805,2822187.04217318
2017-08-15,152,849446,2679106.22240755
2017-08-16,130,708788,2954985.44512964
2017-08-17,179,859388,2790880.55218694
2017-08-18,149,787166,2669279.00876073
2017-08-19,151,736730,2352589.93866989
2017-08-20,130,560876,1783558.8404568
2017-08-21,115,629428,2497994.70442613
2017-08-22,89,545685,1843217.52772626
2017-08-23,159,844461,2363819.52862018
2017-08-24,101,516578,1648686.5401843
2017-08-25,101,563269,1419457.76485436
2017-08-26,105,621850,1402892.59232257
2017-08-27,155,682255,1285150.42558278
2017-08-28,129,615972,1720458.17982114
2017-08-29,149,732966,1958313.30089661
2017-08-30,168,698269,1638679.81694412
2017-08-31,163,724990,1789355.67612996
2017-09-01,174,733783,1802440.92605982
2017-09-02,164,651381,1580305.84700538
2017-09-03,154,527654,1424953.24126513
2017-09-04,175,700580,2420753.39615032
2017-09-05,197,744408,6493150.03892282
2017-09-06,162,726875,2520446.76902912
2017-09-07,176,647645,2233112.27531996
2017-09-08,175,756281,2168325.69503364
2017-09-09,169,562408,1849746.7984409
2017-09-10,138,504082,1623220.04883032
2017-09-11,174,664368,2692005.49771615
2017-09-12,188,678595,2430941.86072376
2017-09-13,190,668950,2831212.88400122
2017-09-14,174,683538,3200145.08440588
2017-09-15,180,794871,3534612.48517044
2017-09-16,169,602299,2240646.89363325
2017-09-17,176,529898,1738874.87850994
2017-09-18,127,582254,2333957.294251
2017-09-19,156,715225,1923284.60539094
2017-09-20,117,585787,1939586.86406499
2017-09-21,176,651680,1932727.58934145
2017-09-22,139,618608,1875335.22969155
2017-09-23,166,520315,1314508.08040989
2017-09-24,145,466000,1119276.97011702
2017-09-25,125,632336,1995684.92139961
2017-09-26,138,673642,2093406.99110012
2017-09-27,147,669713,2168984.57933849
2017-09-28,177,700075,2302851.100965
2017-09-29,169,690052,1960682.74712834
2017-09-30,138,569669,1660940.91986021
2017-10-01,130,504280,1439109.25509961
2017-10-02,150,763671,2028711.64935144
2017-10-03,183,727863,1622695.28263551
2017-10-04,134,602596,1468790.74049577
2017-10-05,125,679484,1666611.72672148
2017-10-06,159,746029,1383027.02614632
2017-10-07,158,612780,1055525.54442849
2017-10-08,182,613106,1273611.93697547
2017-10-09,161,731153,2564018.87724091
2017-10-10,160,770192,1952289.66774272
2017-10-11,139,752318,1778444.16169992
2017-10-12,153,724785,1979554.76639702
2017-10-13,136,815265,1971283.3837668
2017-10-14,141,748390,1518393.19596523
2017-10-15,195,715357,1324663.96362477
2017-10-16,174,804289,1925205.5637293
2017-10-17,164,842381,2826171.9371507
2017-10-18,151,837408,2154353.26190085
2017-10-19,178,889983,1911311.86748038
2017-10-20,179,818192,1927247.42106099
2017-10-21,153,763871,1562588.59974057
2017-10-22,182,727595,1499204.49492528
2017-10-23,171,799367,2994818.3370452
2017-10-24,167,883246,2586032.10808468
2017-10-25,185,788191,1984823.18035522
2017-10-26,180,690218,1743919.65748384
2017-10-27,104,667718,2003977.22489855
2017-10-28,85,536785,1417695.81194228
2017-10-29,154,864989,1659959.90509793
2017-10-30,147,819328,1855584.22744581
2017-10-31,138,744382,1916686.47664081
2017-11-01,156,914510,2191308.31545988
2017-11-02,150,859510,2251378.16500266
2017-11-03,119,798556,3036929.60935422
2017-11-04,130,719643,5765969.34505617
2017-11-05,141,684345,6077425.12154991
2017-11-06,133,730294,2782648.58633189
2017-11-07,156,898577,3523838.11586754
2017-11-08,144,789932,4267323.3349686
2017-11-09,153,878731,2237809.57165965
2017-11-10,120,739618,2333950.77395923
2017-11-11,80,542026,1664880.36971292
2017-11-12,80,542990,2087930.62714549
2017-11-13,140,846427,4374153.69981811
2017-11-14,128,752623,3861149.03692858
2017-11-15,152,874737,3422899.06038037
2017-11-16,152,833182,3817994.31245076
2017-11-17,167,858878,3818219.59308752
2017-11-18,136,744358,2716113.89752307
2017-11-19,160,735576,5442164.82322341
2017-11-20,175,916023,4224222.22523229
2017-11-21,173,985419,3637233.52189774
2017-11-22,148,833205,3507780.83816063
2017-11-23,157,927261,3406958.99050021
2017-11-24,149,862393,2677848.85111642
2017-11-25,156,873329,2899917.65325056
2017-11-26,153,874507,2050315.30767249
2017-11-27,170,1014166,2426385.16650855
2017-11-28,156,978834,2880931.73888958
2017-11-29,173,1074536,3262042.94240396
2017-11-30,167,1036023,2697792.3267182
2017-12-01,183,1107138,2319117.91462828
2017-12-02,161,858953,2142790.41723746
2017-12-03,176,925305,1870464.10432922
2017-12-04,181,1070101,2613354.17930203
2017-12-05,178,1102600,3015982.76508613
2017-12-06,188,1187481,3531510.98127536
2017-12-07,152,1016252,3449008.95834805
2017-12-08,156,1057636,2492427.01359841
2017-12-09,174,1043122,2895169.90410456
2017-12-10,164,881151,1987675.08041952
2017-12-11,171,1038351,2687922.77010923
2017-12-12,156,1043614,3302129.2571241
2017-12-13,186,1142229,3267550.70839996
2017-12-14,185,1264802,2943542.64672696
2017-12-15,169,1114985,2756649.27952242
2017-12-16,171,976493,2356102.92275223
2017-12-17,185,1047080,2389062.95524274
2017-12-18,182,1086689,3005751.29995242
2017-12-19,140,1032155,1984897.72988429
2017-12-20,136,994169,2227875.17809029
2017-12-21,132,975207,1791086.42938157
2017-12-22,155,1063090,1901698.95018683
2017-12-23,139,892665,1781229.26358274
2017-12-24,152,790857,1427328.52493321
2017-12-25,135,693608,1810627.09798566
2017-12-26,142,723719,2185221.90059279
2017-12-27,156,883729,2323583.61840241
2017-12-28,149,879002,2067417.47415754
2017-12-29,165,1007613,2311057.65922842
2017-12-30,147,954112,2243962.34386691
2017-12-31,163,812109,1638125.54625116
2018-01-01,156,703918,1683244.82942738
2018-01-02,171,997941,2536938.59565959
2018-01-03,157,1099960,2816884.61237679
2018-01-04,168,1246924,2737825.46133884
2018-01-05,143,1043683,2921230.73442496
2018-01-06,168,1068521,2979615.08569446
2018-01-07,162,1060156,2757179.42461314
2018-01-08,166,1057775,2520926.89168356
2018-01-09,164,1083299,2246011.72906945
2018-01-10,166,1036841,2162979.76075198
2018-01-11,193,972454,1858450.48095441
2018-01-12,178,884856,1779515.71814413
2018-01-13,149,771871,1365097.69524725
2018-01-14,155,691912,1269172.79926963
2018-01-15,150,798088,1497810.16814613
2018-01-16,159,887578,2889286.58911243
2018-01-17,167,915850,2469526.19424984
2018-01-18,173,903505,2156724.20053858
2018-01-19,165,700505,1953499.50915414
2018-01-20,178,685898,1460377.6995824
2018-01-21,187,622701,1108525.07146823
2018-01-22,167,696269,1525531.99580509
2018-01-23,177,726805,1539514.45965913
2018-01-24,176,696042,1502763.71387057
2018-01-25,158,654213,1357490.31663827
2018-01-26,155,618768,1702177.38888987
2018-01-27,157,631248,1363301.0679762
2018-01-28,158,606038,3128906.09631931
2018-01-29,148,642319,1941048.85270311
2018-01-30,167,641179,2359671.26612026
2018-01-31,117,574211,1785708.48638855
2018-02-01,160,710552,2190613.2751607
2018-02-02,168,659720,1460796.37959507
2018-02-03,158,539525,910042.47921614
2018-02-04,178,483849,972248.5046674
2018-02-05,185,598083,1848912.71449765
2018-02-06,170,713305,1914332.61631052
2018-02-07,141,588509,1160111.91246956
2018-02-08,131,475821,1171509.55403524
2018-02-09,135,537529,1144162.67234831
2018-02-10,143,501907,1537986.3999401
2018-02-11,151,433486,1398605.05384884
2018-02-12,166,517421,1674741.82471679
2018-02-13,164,496796,1315762.89938925
2018-02-14,179,534700,1557016.9789732
2018-02-15,131,559788,1418774.18366203
2018-02-16,157,502764,1102895.65944937
2018-02-17,149,472305,1473900.1896814
2018-02-18,162,448403,1639023.58066959
2018-02-19,162,517680,1789525.59119399
2018-02-20,141,540408,1268017.87932992
2018-02-21,169,558113,1325803.33981785
2018-02-22,149,584836,1494875.80154913
2018-02-23,148,507299,1010312.59585166
2018-02-24,145,432256,746134.75355664
2018-02-25,171,423859,605383.32057303
2018-02-26,141,535828,845197.49174408
2018-02-27,160,611640,945506.24596204
2018-02-28,155,567121,1383087.97303505
2018-03-01,165,643443,1322629.87805724
2018-03-02,156,629651,975776.27276415
2018-03-03,180,526099,789724.28937334
2018-03-04,148,460722,623927.2496279
2018-03-05,149,549142,902570.35097313
2018-03-06,156,560344,939487.07390761
2018-03-07,157,600836,931240.74317467
2018-03-08,162,536603,1018318.34934711
2018-03-09,146,592768,1207455.65594268
2018-03-10,140,422295,625890.06849304
2018-03-11,153,415929,784076.10428385
2018-03-12,161,527935,1019469.3170703
2018-03-13,158,530170,1602213.51617498
2018-03-14,144,514008,1039106.57555747
2018-03-15,144,567897,1948801.68887782
2018-03-16,156,548433,1047182.6781445
2018-03-17,149,426700,2430655.81800349
2018-03-18,151,463138,1620373.97024441
2018-03-19,155,517154,1333185.15969479
2018-03-20,127,514698,1115427.34148069
2018-03-21,152,517634,931832.73585594
2018-03-22,143,509054,1103657.68492115
2018-03-23,133,515008,980288.45203846
2018-03-24,156,432458,785311.52943915
2018-03-25,135,379374,814756.2249982
2018-03-26,150,507986,1678498.60550844
2018-03-27,152,507170,1073046.59589627
2018-03-28,135,478986,1166089.64722758
2018-03-29,152,525646,846121.87506587
2018-03-30,162,551840,1280581.95943046
2018-03-31,128,402851,898889.5632741
2018-04-01,162,384282,840298.93034586
2018-04-02,156,464362,1456075.25690465
2018-04-03,163,535674,1314862.30791232
2018-04-04,147,523286,1419479.59497656
2018-04-05,156,486276,1042336.9435174
2018-04-06,138,555012,1254753.79514095
2018-04-07,180,407376,743828.47396091
2018-04-08,161,386145,731975.43059864
2018-04-09,147,473086,1209298.05510887
2018-04-10,164,515193,942151.23298661
2018-04-11,161,484442,1008501.79766906
2018-04-12,154,559118,2136543.65126674
2018-04-13,165,620348,1247341.48476449
2018-04-14,137,442929,693088.26430253
2018-04-15,163,486658,751073.00608808
2018-04-16,141,526997,1361857.99660294
2018-04-17,162,559340,1190315.8284583
2018-04-18,160,557298,1115698.07748822
2018-04-19,178,607869,1317693.61797595
2018-04-20,137,621042,1525188.34859791
2018-04-21,159,535241,915287.58372517
2018-04-22,160,487465,780480.2960473
2018-04-23,153,619844,1097165.82066308
2018-04-24,159,689821,1771582.25360613
2018-04-25,123,591853,1975585.79590616
2018-04-26,141,601526,1066987.86756976
2018-04-27,142,620756,1535702.72334094
2018-04-28,128,589372,1834487.97313909
2018-04-29,158,525121,1615779.48559935
2018-04-30,155,591388,1217251.51253369
2018-05-01,158,592229,1025230.81877921
2018-05-02,140,578385,1077024.26234452
2018-05-03,151,624798,1354770.81976984
2018-05-04,138,626527,1338541.95367917
2018-05-05,161,565143,1061146.61591573
2018-05-06,137,480865,1094581.32273542
2018-05-07,150,558443,1376393.35639458
2018-05-08,139,609393,1055634.4684974
2018-05-09,160,566021,1062097.00009322
2018-05-10,154,574961,1205082.43367396
2018-05-11,127,631277,1308388.52640264
2018-05-12,165,536245,1003638.30490216
2018-05-13,148,443846,832115.85782698
2018-05-14,132,580456,1274955.01813061
2018-05-15,146,587935,1066979.09521869
2018-05-16,179,565495,1152448.45163972
2018-05-17,132,518584,1051517.19008435
2018-05-18,148,615078,1123058.01284887
2018-05-19,154,468665,751248.43225239
2018-05-20,144,446643,732896.48362668
2018-05-21,157,545452,836558.79482904
2018-05-22,151,538862,925990.13875908
2018-05-23,162,599816,1078604.15595465
2018-05-24,143,555491,1196000.24419492
2018-05-25,176,570064,953634.67995109
2018-05-26,162,441367,608494.33203719
2018-05-27,164,410646,803684.87137937
2018-05-28,156,514688,1314911.04303347
2018-05-29,139,550789,1280312.25032846
2018-05-30,174,549747,1270075.63298006
2018-05-31,170,563661,1377302.49732979
2018-06-01,166,662226,1210052.7602243
2018-06-02,152,479763,942371.68447236
2018-06-03,163,457396,935768.80914753
2018-06-04,183,560593,1494853.70117593
2018-06-05,175,571014,1231018.70132038
2018-06-06,147,564056,1138551.83163521
2018-06-07,143,550366,1205874.2334658
2018-06-08,145,590063,1440614.13872616
2018-06-09,143,464646,874437.26498658
2018-06-10,127,500729,1403865.80194376
2018-06-11,140,572905,1688046.809468
2018-06-12,145,570960,1409209.45438498
2018-06-13,143,585811,1878350.26496544
2018-06-14,153,562190,1846267.95291808
2018-06-15,153,598811,1728741.45967701
2018-06-16,166,435387,820440.33781215
2018-06-17,157,409553,669222.32771169
2018-06-18,164,531721,1060965.78871967
2018-06-19,155,524281,1472734.26131198
2018-06-20,155,539627,1158473.61999678
2018-06-21,170,538606,924429.02261528
2018-06-22,151,595351,1866676.26607313
2018-06-23,160,465467,1430821.49473602
2018-06-24,171,447241,900357.74507594
2018-06-25,157,531006,1293772.80248085
2018-06-26,146,520301,879369.84739779
2018-06-27,121,502255,991757.03545436
2018-06-28,157,501141,912811.97566809
2018-06-29,151,566298,1080974.50222335
2018-06-30,141,472600,738220.87289095
2018-07-01,147,439844,858834.30381922
2018-07-02,141,553362,997966.54897366
2018-07-03,116,576936,1062622.82959389
2018-07-04,134,561114,889925.00058244
2018-07-05,137,535982,1032507.61773957
2018-07-06,160,648615,968279.44951589
2018-07-07,156,462871,610695.27407395
2018-07-08,158,443503,751033.91368129
2018-07-09,136,545499,1048702.07775385
2018-07-10,149,571346,1174009.9882729
2018-07-11,135,531978,844523.66476689
2018-07-12,141,521459,821091.02483807
2018-07-13,143,592142,886209.13823944
2018-07-14,133,466374,740316.1146638
2018-07-15,133,436376,747510.62863885
2018-07-16,120,549589,1215433.67670923
2018-07-17,159,618402,1062550.40968472
2018-07-18,174,633933,1137516.75989191
2018-07-19,171,595731,965781.99760088
2018-07-20,154,629879,914113.88457849
2018-07-21,137,493740,642013.56577288
2018-07-22,182,456925,583088.16875623
2018-07-23,166,597569,971437.90653423
2018-07-24,159,681908,1184540.43458122
2018-07-25,177,674731,996984.01707041
2018-07-26,165,616793,880778.20355196
2018-07-27,167,662413,975850.53045597
2018-07-28,145,503215,658610.47438414
2018-07-29,170,479254,661003.32424825
2018-07-30,134,610727,874826.16231809
2018-07-31,147,648342,871944.34341512
2018-08-01,150,631800,905661.75491554
2018-08-02,153,595761,920947.22149453
2018-08-03,166,679243,982848.12757167
2018-08-04,176,534616,966188.4192722
2018-08-05,160,479055,1022297.11046656
2018-08-06,131,579680,1259506.27964544
2018-08-07,151,611182,1138346.25302997
2018-08-08,157,640586,1327631.36933921
2018-08-09,149,594337,1117999.48784322
2018-08-10,176,653648,973946.03982875
2018-08-11,170,511482,800612.2622034
2018-08-12,155,458121,606237.61122586
2018-08-13,150,589272,920752.35432359
2018-08-14,136,655312,1171296.37463739
2018-08-15,161,679088,1053753.71620044
2018-08-16,158,606135,911178.79359888
2018-08-17,152,644250,861833.50763231
2018-08-18,160,509834,666835.49310371
2018-08-19,145,491507,599012.12214902
2018-08-20,150,575014,859771.47031852
2018-08-21,148,567806,1041449.93186305
2018-08-22,160,611657,906348.77424697
2018-08-23,117,453793,726698.55481938
2018-08-24,2,15489,19225.80573883
2018-08-25,94,368325,401164.27500609
2018-08-26,173,463319,515508.3119298
2018-08-27,185,585010,974407.77346653
2018-08-28,153,616972,1898012.52555957
2018-08-29,139,638060,901330.97069658
2018-08-30,154,589764,854611.49845606
2018-08-31,155,642507,1543688.52643687
2018-09-01,151,565645,881906.29239455
2018-09-02,144,491490,827630.13809598
2018-09-03,144,575316,924600.63591992
2018-09-04,126,596961,936828.26664435
2018-09-05,132,633097,963010.47581806
2018-09-06,150,645864,1272957.10140994
2018-09-07,152,670653,1086048.21016277
2018-09-08,150,531346,718862.41720552
2018-09-09,163,495661,720066.61552204
2018-09-10,74,297030,526521.40145801
