timestamp,value_0,value_1,value_2,value_3,value_4,anomaly
1,12183,0.0,3.7166666666667,5,2109,0
2,12715,0.091757964510557,3.6108333333333,60,3229,0
3,12736,0.17229675238449998,3.4813888888889,88,3637,0
4,12716,0.22621935431999,3.3802777777778,84,1982,0
5,12739,0.17635798469946,3.1933333333333,111,2751,0
6,12737,0.090491245476051,2.7866666666667004,112,2128,0
7,12857,0.08460994072769001,2.4627777777777995,1235,2109,0
8,12884,0.06842699169496,2.2541666666667,710,2328,0
9,12894,0.13330269689422,2.1180555555556,618,2453,0
10,12675,0.085026586189321,2.0691666666667,84,2847,0
11,13260,0.097073068447328,2.1972222222222,100,3659,0
12,13470,0.0,2.3188888888889,125,5207,0
13,13060,0.031063767542922,2.34,114,5146,0
14,12949,0.017732750501525,2.4902777777778,145,4712,0
15,13035,0.063354504072079,2.6438888888889,91,6363,0
16,12980,0.087870391896335,2.8486111111111003,94,5010,0
17,13677,0.11546815687729,2.8833333333333,79,3956,0
18,13381,0.073413457727404,2.8808333333333,50,4063,0
19,12737,0.040392584616896,2.9005555555556,39,3748,0
20,12554,0.08911335594722301,3.0855555555556,28,3047,0
21,12470,0.098030053711531,3.3536111111111,29,4099,0
22,12490,0.047140641497552,3.7438888888889,24,2122,0
23,12539,0.10481279080241,3.7947222222222,19,3387,0
24,12530,0.20478886838928,3.801111111111101,21,1950,0
25,13002,0.04485100631921201,3.6508333333333,27,2927,0
26,12989,0.1053622140254,3.555,46,1889,0
27,13038,0.08436887679639,3.4769444444444,133,1910,0
28,13011,0.097980673762982,3.2158333333333,143,3747,0
29,12984,0.10165726215275,3.1141666666667,86,4994,0
30,13079,0.056764513454874,2.7983333333333,118,2009,0
31,13048,0.074428708878932,2.4252777777778,56,2899,0
32,13096,0.091244453451818,2.14,92,2298,0
33,13003,0.094529332881679,1.9822222222222,85,1894,0
34,13057,0.016638011234698,1.9694444444444,122,1999,0
35,13023,0.038096861957006005,2.0741666666667,74,3007,0
36,13033,0.064497814457643,2.2505555555556,84,2838,0
37,13034,0.030426401876334,2.2819444444444,54,4113,0
38,13068,0.095423209955973,2.4216666666667,77,2150,0
39,13057,0.069688744272108,2.5997222222222005,84,3007,0
40,13047,0.03468622413034,2.7544444444444003,139,2484,0
41,13795,0.089564461084836,2.7258333333333,65,2101,0
42,13528,0.07337616196456799,2.8302777777778,38,2001,0
43,13032,0.061939295606039,2.9422222222222,35,2102,0
44,13084,0.11419089175512,3.0919444444444,47,2129,0
45,13000,0.10475925920163,3.3519444444444,37,4422,0
46,13008,0.079657960399444,3.6952777777778,53,4573,0
47,12978,0.14475546275416,3.8269444444444,55,1989,0
48,13067,0.1421711341096,3.7877777777778,45,1953,0
49,13086,0.07696963969656899,3.7536111111111,46,1872,0
50,13023,0.06393273436444799,3.61,35,1850,0
51,13046,0.14973281021845006,3.5091666666667,68,2879,0
52,13032,0.041478839355346,3.4205555555556,82,1840,0
53,13012,0.089317973365284,3.2647222222222,154,2134,0
54,13051,0.088820248166203,2.7944444444444,128,2234,0
55,12979,0.054872994406929,2.46,79,3769,0
56,13025,0.07913553329046401,2.2075,66,2717,0
57,13007,0.16317996709063,2.1758333333333,92,2171,0
58,13036,0.08671926699280201,2.3058333333333,67,2224,0
59,13043,0.0733999511789,2.3983333333333,58,1967,0
60,13023,0.0,2.55,58,2148,0
61,13022,0.032756244361869,2.7302777777778,63,1978,0
62,13033,0.054893891024455,2.8169444444444003,61,2021,0
63,13024,0.068514114108229,2.9247222222222,55,2060,0
64,13048,0.05279414163165401,2.8911111111111003,71,2096,0
65,13740,0.023853017353212,2.9575,64,2082,0
66,13540,0.07426125441559799,2.9080555555556,92,2175,0
67,12724,0.024228588329879,3.0088888888889,44,2332,0
68,13070,0.09233413002519697,3.2033333333333,35,2147,0
69,13106,0.15930655332113,3.6213888888889,53,2163,0
70,13025,0.12755838225296,4.0322222222222,49,2406,0
71,13074,0.10152541717054,4.1227777777778,49,2022,0
72,13079,0.040148453968243986,3.9736111111111,103,2188,0
73,13184,0.087208372094752,3.8425,107,2758,0
74,13194,0.074209918996797,3.7097222222222,74,2925,0
75,13191,0.059044537369404015,3.6258333333333,56,3223,0
76,13059,0.06248169832921499,3.4705555555556,60,2507,0
77,13169,0.08876527685714597,3.2877777777778,73,2435,0
78,13114,0.051354431854972,2.9286111111111004,99,2552,0
79,13037,0.074790104163639,2.4888888888889,84,2540,0
80,13179,0.091817341555971,2.2744444444444,129,2642,0
81,13152,0.14762794333026005,2.1733333333333,101,2254,0
82,13095,0.07101004447510299,2.3416666666667,101,2539,0
83,13144,0.07689756334240598,2.3808333333333,51,2596,0
84,13170,0.08412575787388403,2.4663888888889,95,2573,0
85,13162,0.06328921386603299,2.6608333333333,48,2302,0
86,13117,0.057393902128707,2.7558333333333,40,2991,0
87,13129,0.041819399065704,2.8636111111111004,55,3141,0
88,13386,0.073729686380986,2.7586111111111005,56,3285,0
89,13929,0.15365285617975,2.7377777777778,935,3807,0
90,13385,0.060355859742407016,2.6961111111111005,34,2892,0
91,13106,0.10644586288975,2.8569444444444,57,2538,0
92,13113,0.059314286360126985,3.1833333333333,70,2234,0
93,13155,0.096293806236591,3.5544444444444,72,2707,0
94,13186,0.085101425467407,3.8894444444444,66,2382,0
95,13151,0.11149072274185,4.1138888888889,72,2426,0
96,13156,0.076266981262989,3.9519444444444,49,2451,0
97,12813,0.097952120177625,3.8275,41,2288,0
98,12821,0.17250021935572,3.6438888888889,42,2256,0
99,12867,0.11389182319254,3.5608333333333,39,2884,0
100,12837,0.08999961787521,3.5013888888889,81,2398,0
101,12911,0.048649372449385005,3.3088888888889,90,2239,0
102,12842,0.13861764684085998,2.9063888888889,92,2248,0
103,12905,0.1088795585287,2.5027777777777995,81,2387,0
104,12993,0.054235162564995,2.2466666666667003,145,3876,0
105,12974,0.0390040506742,2.1869444444444,47,3073,0
106,13039,0.0744713077811,2.2402777777778,63,3113,0
107,13322,0.040258943675435,2.3727777777778,118,3363,0
108,13606,0.0,2.4566666666667003,56,3796,0
109,13536,0.027955712584728,2.5452777777777995,127,4924,0
110,13341,0.047309968420241,2.6830555555556,48,4300,0
111,13360,0.016602764360002,2.805,114,5225,0
112,13450,0.042432577628353986,2.7386111111111004,78,4047,0
113,14102,0.051191743726563,2.7438888888888995,58,4134,0
114,14026,0.0,2.7586111111111005,56,4786,0
115,13162,0.056724832354639,2.9013888888889,67,4184,0
116,13118,0.055771058827737,3.19,155,2888,0
117,12953,0.081014772096658,3.5561111111111003,123,2674,0
118,12854,0.08253629738290899,3.8433333333333,118,2574,0
119,12952,0.11499203730886,4.0319444444444,133,3123,0
120,12915,0.07668513845109799,3.8844444444444,75,3369,0
121,11994,0.070057457403873,3.6908333333333,29,3284,0
122,11868,0.07031477357556501,3.6141666666667,68,2127,0
123,11977,0.091946448716499,3.5019444444444,91,2117,0
124,11874,0.14560588482235998,3.4205555555556,101,2271,0
125,11913,0.094774329323472,3.1780555555556,22,2513,0
126,11933,0.10217989327054,2.8361111111111,20,2746,0
127,11844,0.04854243074027901,2.5222222222222004,27,2076,0
128,11968,0.068760549683423,2.2416666666667004,45,2297,0
129,11996,0.075440683881139,2.1588888888889,42,2312,0
130,12006,0.11771339431815,2.2763888888889,59,2834,0
131,12225,0.069437397660265,2.3391666666667,52,3584,0
132,12482,0.0,2.4841666666667,62,4009,0
133,12289,0.0,2.4911111111111,81,4142,0
134,12219,0.0,2.6922222222222,84,3876,0
135,12282,0.027395404320488,2.8205555555556,104,4098,0
136,12367,0.055202605299814,2.8216666666667,111,3831,0
137,13042,0.078387348178452,2.7122222222222,91,3842,0
138,12665,0.11851571646444,2.6744444444444,33,4129,0
139,12133,0.068395341911942,2.8097222222222,26,3509,0
140,12023,0.04720597158087901,3.1838888888889,37,2450,0
141,11847,0.07910648512645599,3.5130555555556,23,2270,0
142,11980,0.067550601916344,3.7722222222222,29,2360,0
143,12026,0.080666570182724,3.9058333333333,45,2431,0
144,11852,0.044973875852863,3.7697222222222,49,2042,0
145,12152,0.065734580284861,3.6027777777778,27,1833,0
146,12148,0.068759646748575,3.5038888888889,46,1852,0
147,12236,0.027278224398313,3.445,39,1927,0
148,12155,0.067695565422881,3.3494444444444,72,1999,0
149,12113,0.07244669924777,3.1961111111111005,81,2030,0
150,12175,0.028882930937168,2.8905555555556,64,1963,0
151,12103,0.021568136982842,2.5805555555556,79,2116,0
152,12206,0.064254625408408,2.3380555555556004,132,2461,0
153,12239,0.073869151016554,2.2116666666667,127,2388,0
154,12398,0.026644044055307004,2.2013888888889,121,2846,0
155,12582,0.051289858799957,2.3236111111111,98,2974,0
156,12705,0.099217337562612,2.3002777777778,128,3776,0
157,12555,0.016615805334675,2.385,158,3885,0
158,12476,0.078387348178452,2.5597222222222005,78,3865,0
159,12706,0.0,2.6941666666667,65,4319,0
160,12671,0.049384244324413,2.7169444444444,81,4646,0
161,13277,0.043044731483849,2.6369444444444,586,3873,0
162,12757,0.04215504851616,2.6572222222222,48,3489,0
163,12401,0.042236538352835,2.8466666666667004,38,2790,0
164,12248,0.1001564296112,3.1955555555556,30,2641,0
165,12156,0.17378132267942994,3.5633333333333,28,2960,0
166,12210,0.12005519462968,3.8113888888889,36,2192,0
167,11983,0.14491137762023998,3.9655555555556,50,2145,0
168,12374,0.07336941078506799,3.8483333333333,47,2133,0
169,12230,0.12395626148952,3.6441666666667,82,2330,0
170,12200,0.15077430423660998,3.5213888888889,56,2235,0
171,12135,0.18960071033689,3.4702777777778,140,2258,0
172,12131,0.06051348935254,3.3033333333333,145,2200,0
173,12165,0.072057993662839,3.1933333333333,114,2161,0
174,12193,0.082361078437032,2.8183333333333,129,2159,0
175,12165,0.12343775199876,2.52,143,2088,0
176,12304,0.1071817784483,2.2886111111111,113,2473,0
177,12275,0.10359394556779,2.0822222222222,108,3217,0
178,12369,0.021162435488903,2.1416666666667,93,2994,0
179,12569,0.074524398314698,2.2688888888889,63,3827,0
180,12766,0.12687067454443,2.335,103,4176,0
181,12621,0.041752618326160014,2.4388888888889,114,4227,0
182,12611,0.0,2.5386111111111,67,4290,0
183,12618,0.040819652463459,2.6288888888889,106,4691,0
184,12631,0.082668981599835,2.7511111111111,160,4442,0
185,13121,0.06181362481077901,2.7744444444444,81,5775,0
186,12871,0.0,2.8297222222222,113,3840,0
187,12252,0.076137992226715,2.9708333333333,37,3721,0
188,12155,0.12107639529965,3.1333333333333,70,2498,0
189,12186,0.0,3.3544444444444,82,2265,0
190,12179,0.19840339729984,3.6780555555556,76,2451,0
191,12109,0.20112394005693,3.8038888888889,59,2892,0
192,12142,0.096833471661634,3.8177777777778,58,2166,0
193,12145,0.10338450919956,3.6916666666667,49,2040,0
194,12162,0.10142513773096,3.5197222222222,36,2013,0
195,12165,0.09779274451732,3.5186111111111003,111,2000,0
196,12125,0.14744152252573,3.2597222222222,81,2117,0
197,12097,0.083396348606149,3.0930555555556,92,2775,0
198,12099,0.095637498006913,2.7825,113,2116,0
199,12140,0.14768844039376006,2.4494444444444,90,1991,0
200,12188,0.1131872329372,2.2369444444444,183,3162,0
201,12157,0.073729686380986,2.0961111111111,117,2958,0
202,12128,0.064614077523704,2.0377777777778,110,3153,0
203,12190,0.056019959597275015,2.0730555555556003,179,2190,0
204,12151,0.074812141908008,2.1655555555556,134,2172,0
205,12214,0.02489388427845201,2.285,135,2074,0
206,12275,0.023695834967821,2.4283333333333,100,2078,0
207,12164,0.058680009072634,2.6186111111111,47,2406,0
208,12120,0.10008779345816002,2.7372222222222,88,2018,0
209,12693,0.066566772961868,2.8266666666667004,74,2091,0
210,12624,0.070501147961051,2.8469444444444,58,2310,0
211,12163,0.098779019649936,2.9855555555556,100,2113,0
212,12100,0.11803653713501,3.1038888888889,49,2518,0
213,12162,0.10076746585103,3.4058333333333,36,2605,0
214,12106,0.053210709415363,3.6138888888889,40,2680,0
215,12156,0.099346579713514,3.93,50,2228,0
216,12120,0.047275248011591,3.8155555555556,58,2023,0
217,12420,0.091262209791582,3.6588888888889,50,3702,0
218,12417,0.038593218846488,3.5913888888889,53,1992,0
219,12450,0.070273907645883,3.4644444444444003,93,1988,0
220,12395,0.029431888410363,3.3944444444444,78,1919,0
221,12382,0.096854769984307,3.2227777777778,84,2213,0
222,12438,0.11656453357642,2.7961111111111,112,2181,0
223,12363,0.12109055114779,2.4383333333333,73,2152,0
224,12393,0.20381554615786,2.2647222222222005,91,2393,0
225,12399,0.046311768005022014,2.1886111111111,114,2173,0
226,12456,0.18261306403662,2.2825,127,2109,0
227,12442,0.021992750543024,2.3333333333333,69,3606,0
228,12481,0.088072259040681,2.445,59,2114,0
229,12432,0.037896500450725,2.5811111111111,64,2135,0
230,12403,0.09882843339863,2.7094444444444,75,2303,0
231,12406,0.076277687882641,2.88,44,2137,0
232,12462,0.022875979046571,2.8555555555556,52,2264,0
233,13034,0.10022162220861,2.7791666666667,42,2245,0
234,12830,0.08117200437078799,2.7772222222222,45,2151,0
235,12439,0.09750667785645803,3.02,26,2330,0
236,12541,0.05680722879784299,3.2213888888888995,29,3357,0
237,12462,0.12240855732315,3.6211111111111,32,3152,0
238,12394,0.1715485140175,4.0219444444444,44,2693,0
239,12507,0.075015592829224,4.0980555555556,41,3798,0
240,12512,0.11388410095531,3.9080555555556,42,4596,0
241,12093,0.10519027968795,3.7269444444444,46,2529,0
242,12197,0.1150532998405,3.6244444444444,40,2124,0
243,12138,0.10890530980571,3.5252777777778,64,2762,0
244,12174,0.099350621485086,3.4675,70,2973,0
245,12163,0.12889794040441002,3.3316666666667003,69,3041,0
246,12096,0.12069378235889,2.9497222222222,73,2179,0
247,12166,0.13053034917739,2.5708333333333,85,2322,0
248,12187,0.078977758004111,2.3086111111111,63,2274,0
249,12246,0.08088416337864099,2.2311111111111,67,2448,0
250,12335,0.04008956024204,2.3119444444444,68,3811,0
251,12556,0.05063725351997099,2.3536111111111,62,3761,0
252,12652,0.039066291775136,2.4819444444444,69,4269,0
253,12646,0.028611752774164,2.6605555555556,82,4244,0
254,12803,0.040593364983329,2.7527777777778,56,4417,0
255,12570,0.038807415292018,3.0741666666667005,38,3758,0
256,12633,0.07832796288132203,2.8522222222222,30,4375,0
257,13146,0.066320996162546,2.7277777777778,48,4158,0
258,12994,0.083175583471284,2.7502777777778,63,3410,0
259,12314,0.06802464587725401,2.8797222222222,34,2853,0
260,12193,0.051675070535006,3.2027777777778,11,2628,0
261,12127,0.044129112207997014,3.5633333333333,22,2287,0
262,12140,0.037685894365982006,3.8808333333333,22,3334,0
263,12174,0.093414561465838,4.0352777777778,12,2795,0
264,12180,0.06987083046098,3.8966666666667,10,2089,0
265,12861,0.021992750543024,3.7225,14,2260,0
266,12957,0.11305566197523,3.73,39,3176,0
267,12981,0.030884138240845,3.5558333333333,55,4049,0
268,12958,0.10381377439313,3.3169444444444003,90,2902,0
269,12913,0.048953768695625004,3.2322222222222,68,3743,0
270,12939,0.042258794089861,2.8658333333333,95,4280,0
271,12933,0.048388685585470985,2.5169444444444,70,3977,0
272,13006,0.034197830567692,2.3,96,4518,0
273,13091,0.08835953066771099,2.1888888888889,45,2707,0
274,13201,0.086890518272785,2.2030555555556,96,3522,0
275,13520,0.031087561676959,2.2711111111111,74,4584,0
276,13675,0.071287463233942,2.4697222222222,82,4141,0
277,13594,0.14372616993938,2.5988888888889,82,4831,0
278,13466,0.12647517487142998,2.7258333333333,45,3991,0
279,13448,0.042854531198562,2.7858333333333,134,4645,0
280,13492,0.039930389849144,2.7922222222222,119,4967,0
281,14123,0.076184645265048,2.6988888888889,86,4578,0
282,13839,0.037830020408535,2.7663888888889,75,4972,0
283,13335,0.030884138240845,2.8938888888889,45,5522,0
284,13196,0.048316550276279,3.1875,50,2832,0
285,13047,0.10986585566763,3.6463888888889,31,2826,0
286,13008,0.025485002897852004,3.866666666666701,88,2855,0
287,12763,0.12451757643335,3.9808333333333,42,2660,0
288,12949,0.12875690949235,3.8277777777778,70,2447,0
289,13009,0.15720639094135,3.6269444444444,106,2545,0
290,13008,0.079092017261926,3.5266666666667,44,3842,0
291,12890,0.14711499890479998,3.5077777777778,57,2332,0
292,13004,0.0531410973178,3.3455555555556,95,2294,0
293,12918,0.10136246281349,3.1241666666667003,91,3016,0
294,12910,0.053119315802353,2.8713888888889,66,3944,0
295,12915,0.11313351589999003,2.5133333333333,66,2332,0
296,13121,0.076760188212735,2.2197222222222,82,2405,0
297,13076,0.08890522133351199,2.205,73,2572,0
298,13096,0.1009555130175,2.2677777777778,69,2558,0
299,13339,0.15685427502807,2.2991666666667,107,3701,0
300,13635,0.11090638960365,2.4277777777778,101,4228,0
301,13493,0.054798089981891,2.5333333333333,66,3990,0
302,13402,0.08461316628091001,2.6422222222222005,47,4707,0
303,13417,0.15790425505315,2.8211111111111005,47,3857,0
304,13382,0.021675109392134,2.7625,66,3874,0
305,14199,0.14112049645292002,2.7391666666667,102,4369,0
306,13973,0.059612111520904,2.7525,71,4488,0
307,13284,0.067835890522602,2.8644444444444,53,3637,0
308,13070,0.047414460026828,3.1927777777778,28,2705,0
309,12983,0.050348669783997005,3.5872222222222,24,2429,0
310,13075,0.07296715773193299,3.8305555555556,23,2839,0
311,12991,0.10713527159169,3.8827777777778,30,2371,0
312,12993,0.073622496612493,3.7291666666667,25,2758,0
313,13121,0.11556476355437,3.6172222222222,29,2291,0
314,13097,0.034160489683707995,3.4491666666667005,27,2220,0
315,13150,0.019571935182124,3.4097222222222,77,2620,0
316,13078,0.15720996206912,3.2605555555556,46,2467,0
317,13140,0.11515041454164,3.2191666666667,86,2088,0
318,13102,0.086415715789296,2.9586111111111,97,2137,0
319,13110,0.092606306920552,2.6036111111111,88,2907,0
320,13138,0.046458579038692015,2.3319444444444,110,2558,0
321,13238,0.10977831600416,2.2025,89,2823,0
322,13317,0.11090009191451,2.2711111111111,134,2465,0
323,13512,0.076652795374797,2.2897222222222005,84,4399,0
324,13669,0.1087202400467,2.3297222222222005,109,4088,0
325,13651,0.11471628863897,2.395,57,5099,0
326,13580,0.11070024667119,2.5063888888889,49,5157,0
327,13538,0.026827723134058,2.7077777777778,83,3782,0
328,13657,0.029426630692549,2.735,101,4008,0
329,14183,0.028611752774164,2.6958333333333,88,4534,0
330,14117,0.053106181092382014,2.6930555555556,56,3242,0
331,13166,0.055538160906184006,2.875,31,2808,0
332,13265,0.11009690391165,3.1788888888888995,22,3676,0
333,13085,0.10979978093137,3.5808333333333,32,3523,0
334,13167,0.036174223284821,3.8508333333333,27,3038,0
335,13170,0.048361321378982,3.9180555555556,17,2299,0
336,13132,0.10958125953198,3.815,27,2345,0
337,13055,0.047305343559722,3.6080555555556,38,2565,0
338,13025,0.045316868664604014,3.4927777777778,73,2576,0
339,13076,0.13255054531036,3.4316666666667004,56,2327,0
340,13044,0.079695587369141,3.3436111111111004,49,2211,0
341,13035,0.10277355185943,3.0663888888889,90,2642,0
342,13103,0.15061124796385,2.7894444444444,106,3646,0
343,13067,0.14509169704095,2.4994444444444,51,2281,0
344,13183,0.054445250001619004,2.2544444444444,99,2474,0
345,13144,0.082058799915824,2.0847222222222,104,2536,0
346,13166,0.042151311782819015,2.0888888888889,119,2900,0
347,13406,0.057404703309705984,2.1594444444444,73,3144,0
348,13544,0.040891918425583,2.2533333333333,92,3725,0
349,13608,0.045224636676715,2.3880555555556,57,4305,0
350,13522,0.0,2.6338888888889,100,3665,0
351,13595,0.0,2.6588888888889,93,3791,0
352,13420,0.10335456693443,2.7586111111111005,111,3897,0
353,14163,0.033846222120808,2.8797222222222,91,3494,0
354,13678,0.026167129419328,2.785,43,3353,0
355,13272,0.08571767780871499,2.8219444444444,91,2741,0
356,13071,0.12459953631184,3.0055555555556,63,2463,0
357,13004,0.054750658073534006,3.2936111111111,60,3477,0
358,13068,0.20799106772677,3.5575,56,2792,0
359,13031,0.10314231079956,3.676111111111101,59,2183,0
360,13013,0.12212653292147,3.7166666666667,48,2874,0
361,12998,0.19159058299176,3.6013888888889,65,2147,0
362,12971,0.10782180851978,3.4455555555556,77,2754,0
363,13000,0.06408869538637901,3.4166666666667003,60,2007,0
364,12998,0.095540168894753,3.1791666666667004,94,2564,0
365,12906,0.039360296791109,3.0013888888889,84,3020,0
366,12969,0.086611479249287,2.72,99,2004,0
367,12963,0.05845507441603001,2.4527777777778,61,2047,0
368,12933,0.051490800079599004,2.1816666666667,60,3531,0
369,12990,0.075496432869001,2.0161111111111,78,2383,0
370,12980,0.10358625218721,1.9769444444444,81,2112,0
371,12982,0.062806431427897,2.0597222222222,61,2554,0
372,12989,0.08970338978685001,2.2111111111111,68,2371,0
373,13073,0.094517316130968,2.3141666666667,53,2060,0
374,12950,0.032322011663911,2.4280555555556003,49,2086,0
375,12990,0.047911560407608,2.5855555555556,40,2130,0
376,13035,0.062001214431213,2.6977777777778,125,2072,0
377,13681,0.027102718749392,2.7777777777778,61,2033,0
378,13304,0.034703114844079,2.7988888888889,111,2683,0
379,12965,0.066236017573192,2.8927777777778,32,2046,0
380,12966,0.032230355211769,3.0413888888889,21,2064,0
381,12943,0.11559664215716,3.3569444444444,14,2067,0
382,12958,0.021952502374124,3.4808333333333,32,2496,0
383,13005,0.13347711194703,3.764166666666701,29,4758,0
384,12923,0.10579408349834,3.8097222222222,26,2806,0
385,12812,0.10679035350244,3.6911111111111,52,2227,0
386,12803,0.068633627680319,3.4902777777778,39,3123,0
387,12850,0.04699518011436099,3.3769444444444,78,3460,0
388,12797,0.14159640074335994,3.3011111111111004,78,3587,0
389,12732,0.078500039299167,3.1369444444444,83,2558,0
390,12817,0.049232295047845,2.8475,63,2306,0
391,12818,0.078777592482879,2.4544444444444,108,2083,0
392,12815,0.08993433499951,2.1247222222222,158,3073,0
393,12805,0.081869163858473,2.0266666666667,115,3325,0
394,12703,0.14556064903749,2.1763888888889,112,2321,0
395,12771,0.0,2.3088888888889,73,2846,0
396,12847,0.0,2.4213888888889,93,2482,0
397,12872,0.030693547421212,2.6436111111111,65,2306,0
398,12815,0.0,2.6602777777778,91,2298,0
399,12844,0.046999447831427,2.7677777777778,106,2907,0
400,12811,0.028815579681692,2.8066666666667004,66,2329,0
401,13472,0.0,2.7661111111111003,26,2456,0
402,13063,0.039360296791109,2.8133333333333,23,2178,0
403,12833,0.039570832199428,2.9186111111111,24,2142,0
404,12842,0.090659246308087,3.1930555555556,19,2277,0
405,12804,0.10540579050057003,3.565,23,3066,0
406,12852,0.062601610466313,3.9133333333333,30,3619,0
407,12862,0.051455855638306,3.9658333333333,23,3726,0
408,12799,0.054631758648785014,3.8930555555556,35,2282,0
409,12789,0.09017822949731,3.7297222222222,41,3079,0
410,12815,0.045287525091609014,3.6516666666667,63,2448,0
411,12887,0.033344698319951,3.5927777777778,33,2574,0
412,12903,0.080098394586215,3.4694444444444,50,3697,0
413,12892,0.025162301034707,3.2536111111111,88,3067,0
414,12907,0.078260793447992,2.8986111111111,115,3491,0
415,12883,0.07223863924679201,2.4488888888889,69,3195,0
416,12965,0.042917873674349,2.2119444444444,116,2763,0
417,12932,0.04720597158087901,2.2011111111111,73,2605,0
418,13134,0.048273008229067,2.2338888888889,75,2755,0
419,13440,0.036987975876273,2.3116666666667003,56,3300,0
420,13544,0.06291463671717,2.3869444444444,66,3838,0
421,13508,0.033319304393751,2.5119444444444,70,3608,0
422,13401,0.029115275623859,2.5713888888889,52,3845,0
423,13410,0.06821638123436,2.5088888888889,32,3563,0
424,13482,0.015408589348188,2.4155555555556,16,5478,0
425,14124,0.01916018435633,3.6455555555556,46,3656,0
426,13703,0.06374239746477901,2.4625,53,3491,0
427,13250,0.099738890728803,2.5808333333333,67,3430,0
428,13092,0.10950621554455,3.0033333333333,58,2807,0
429,13012,0.06138920621589401,3.3486111111111003,17,2524,0
430,12901,0.051307638060244014,3.6644444444444,26,2964,0
431,12848,0.082471571552878,4.0083333333333,13,3969,0
432,13025,0.060122448878635,3.8530555555556,8,3561,0
433,11352,0.07469842969719999,3.6183333333333,20,3394,0
434,8761,0.056170625137636994,3.4922222222222,23,3005,0
435,10433,0.052668952946361,3.4958333333333,34,2350,0
436,10088,0.068871884486763,3.2738888888889,35,2139,0
437,9485,0.040236057110938986,3.2102777777778,48,2098,0
438,8865,0.053200012471363,2.8475,67,2341,0
439,8920,0.056725172482788,2.4883333333332995,38,2698,0
440,8798,0.035229341473877,2.1955555555556003,33,2968,0
441,8927,0.0,2.1461111111111,40,2824,0
442,9211,0.020190723068726,2.1522222222222,37,3003,0
443,9286,0.093342961377898,2.3122222222222004,51,3551,0
444,9725,0.0,2.4033333333333,52,4689,0
445,11050,0.015717168144981003,2.4944444444444,57,3481,0
446,11521,0.017190609993733997,2.6622222222222005,82,3376,0
447,11603,0.0,2.675,74,3198,0
448,11665,0.043273461915965,2.6997222222222,80,3059,0
449,12153,0.029854520963498,2.6997222222222,78,2937,0
450,11672,0.017383620014121998,2.7194444444444,58,2881,0
451,11119,0.046391383573699006,2.8258333333333,41,2777,0
452,11124,0.042155878228,3.1044444444444,34,2510,0
453,10734,0.052684222339579014,3.4736111111111003,35,2356,0
454,11612,0.063573954212613,3.6972222222222,40,2383,0
455,11523,0.077413583128967,3.8038888888889,35,2455,0
456,11632,0.069605078732108,3.7494444444444,37,2285,0
457,12838,0.075937967855042,3.6813888888889,43,2455,0
458,11637,0.047354002438352014,3.4791666666667003,45,4298,0
459,12542,0.044000040388062,3.4530555555556,48,2400,0
460,12394,0.095130971924595,3.2841666666667004,77,3431,0
461,12419,0.069274987547704,3.205,79,2252,0
462,12484,0.061118974117397,2.8436111111111004,59,2628,0
463,12413,0.056393740750134,2.4441666666667,107,3266,0
464,12440,0.06125086589409901,2.275,100,2620,0
465,12614,0.047746883512707,2.1788888888889,84,2824,0
466,12693,0.047136440673386,2.2083333333333,99,2801,0
467,12989,0.0,2.2997222222222,103,3106,0
468,13200,0.0,2.3155555555556004,47,3532,0
469,13108,0.049828520132601,2.41,67,4210,0
470,12886,0.0,2.5902777777778,65,3646,0
471,13000,0.0,2.6636111111111,65,3768,0
472,13071,0.043576825212604,2.7105555555556,70,5342,0
473,13563,0.035173891965945,2.6811111111111,76,5327,0
474,13333,0.04413510379665099,2.715,40,3363,0
475,12672,0.016955671451488998,2.7083333333333,54,3016,0
476,12547,0.1330396486107,3.0038888888889,45,3257,0
477,12289,0.016462114132943,3.3911111111111003,32,2619,0
478,12584,0.055696363369897,3.6375,26,2573,0
479,12526,0.036411774365825,3.7755555555556,25,2575,0
480,12416,0.047966724418057,3.5786111111111003,34,5355,0
481,12450,0.05609961782665,3.4222222222222,43,5809,0
482,12460,0.096990479781121,3.2538888888889,68,3823,0
483,12425,0.11147038220964,3.1683333333333,60,3116,0
484,12430,0.044797927381498,3.0677777777778,74,2321,0
485,12418,0.024403519177111,2.94,68,2193,0
486,12437,0.08532776818426499,2.7291666666667003,43,2982,0
487,12484,0.043615168647623,2.4147222222222005,73,4140,0
488,12380,0.056692005942856,2.1419444444444,72,2353,0
489,12620,0.033708553131457,2.0244444444444,66,3350,0
490,12674,0.040148453968243986,2.0458333333333,90,3184,0
491,12855,0.099551526697496,2.09,104,3469,0
492,13053,0.0,2.1575,114,4204,0
493,12898,0.036157867549894,2.2655555555556,98,6447,0
494,12809,0.052738784696875,2.2561111111111,70,4898,0
495,12964,0.021636091422947,2.4669444444444,101,3633,0
496,12956,0.037120220639643986,2.5277777777778,77,4189,0
497,13625,0.034467327401996005,2.5266666666667,69,4012,0
498,13285,0.0,2.5438888888889,19,4009,0
499,12715,0.096807019710259,2.6511111111111,47,4346,0
500,12637,0.059601475230884,2.9711111111111004,38,2781,0
501,12535,0.068431521141608,3.2288888888889,22,2811,0
502,12512,0.09611085542804,3.505,20,2415,0
503,12549,0.064177980162036,3.4944444444444,26,3589,0
504,12567,0.11565746993409,3.4633333333333,24,2878,0
505,12362,0.073501732487291,3.3177777777778,27,3471,0
506,12326,0.072746100819649,3.1963888888889,25,2697,0
507,12450,0.07557888002360401,3.1069444444444,57,2583,0
508,12404,0.036816888038697,3.0172222222222,58,3173,0
509,12362,0.093969235453559,2.9247222222222,81,3341,0
510,12431,0.034848294186597004,2.5336111111111,81,2305,0
511,12351,0.084191269180943,2.2480555555556,69,2186,0
512,12528,0.13109036514766,2.0383333333333,50,4439,0
513,12559,0.061132356147447,1.8852777777778,55,3173,0
514,12586,0.019478099970089,1.9225,57,2831,0
515,12864,0.0,1.9719444444444,78,16385,0
516,13026,0.0,2.0608333333333,57,83955,0
517,12880,0.017965204407153,2.16,78,4574,0
518,12743,0.019202263481759,2.3077777777778,95,4987,0
519,12812,0.0,2.415,88,5110,0
520,12878,0.052306327013631,2.4669444444444,108,4893,0
521,13427,0.08536575533023,2.5125,87,3807,0
522,13081,0.052461360256699015,2.6294444444444,87,3447,0
523,12752,0.035302992848671,2.8183333333333,44,4329,0
524,12594,0.028682734942579,3.0547222222222,39,5166,0
525,12507,0.024204462299365,3.33,27,3454,0
526,12494,0.034360100307537,3.5738888888889,23,3578,0
527,12487,0.018977302969238,3.6888888888889,11,2406,0
528,12404,0.034308847257872,3.7111111111111,13,2073,0
529,11147,0.07460088255490599,3.7180555555556,24,1925,0
530,11147,0.055037935083209005,3.6041666666667,77,2357,0
531,11128,0.039311673522385,3.4483333333333,54,1947,0
532,11106,0.046619928266775,3.2413888888888995,45,1912,0
533,11115,0.048227542028921,3.1355555555556,36,2107,0
534,11044,0.020367863848114,2.8172222222222,59,2985,0
535,11110,0.063069968046591,2.4275,81,2081,0
536,11190,0.054470866056974016,2.2513888888889,50,2631,0
537,11063,0.0,2.0691666666667,53,2130,0
538,11078,0.059261864411046,2.0155555555556,44,2085,0
539,11146,0.064174002348993,2.0952777777778,87,2211,0
540,11010,0.0,2.2397222222222,94,2105,0
541,11139,0.021912411214588,2.3275,128,2585,0
542,11117,0.057958262002105985,2.5255555555556004,82,3695,0
543,11081,0.035358633773416,2.665,49,3198,0
544,11128,0.029191244440103,2.7975,79,3191,0
545,11720,0.054981313823219,2.8597222222222,62,2016,0
546,11384,0.06405347705857799,2.7983333333333,64,2124,0
547,11018,0.0,2.9322222222222,34,2105,0
548,11104,0.055445634363329,3.08,41,2031,0
549,11084,0.040996998867197,3.3466666666667004,47,1964,0
550,11106,0.027670189755404,3.6869444444444,31,2016,0
551,11055,0.054579839310753,3.7966666666667,26,3909,0
552,11098,0.044833640073299014,3.7805555555556,17,2105,0
553,11028,0.03282297151413,3.7422222222222,30,2405,0
554,11152,0.017696014614986,3.639166666666701,17,2141,0
555,11025,0.09418709999244,3.4775,28,1910,0
556,11015,0.061817529149429,3.3283333333333,20,1951,0
557,11125,0.054000161367618,3.1702777777778,85,2310,0
558,11035,0.06165600249599,2.7688888888889,52,2047,0
559,11103,0.055915839259234,2.4266666666667,143,2048,0
560,11100,0.062788330996733,2.1963888888889,106,3083,0
561,11170,0.044888048273534,2.135,244,3619,0
562,11078,0.095259484956337,2.3186111111111,2005,2172,0
563,11150,0.021952502374124,2.3383333333333,124,3142,0
564,11149,0.0,2.5002777777778,109,2256,0
565,10984,0.0,2.6527777777778,148,2200,0
566,11034,0.0,2.7661111111111003,126,2183,0
567,11050,0.061557079663167,2.7347222222222,46,2030,0
568,11102,0.14186075040414,2.6069444444444,49,2297,0
569,11743,0.0,2.5547222222222,40,2213,0
570,11371,0.077457673524504,2.4716666666667004,39,4014,0
571,11078,0.16422977329792998,2.6530555555556004,25,2809,0
572,11224,0.049366067455729,2.9488888888889,37,2355,0
573,11146,0.10064381631633,3.3383333333333,32,2372,0
574,11199,0.11909159312806,3.5419444444444,47,2387,0
575,11181,0.09003816676619801,5.3302777777778,34,2359,0
576,11022,0.055882659245704,3.7727777777778,40,2485,0
577,11073,0.1836893913223,3.6333333333333,46,3728,0
578,11120,0.08574268253550299,3.5430555555556,35,2820,0
579,11008,0.12559700716583,3.6711111111111,61,2426,0
580,11078,0.086129850619071,3.4572222222222,56,2307,0
581,11121,0.041752618326160014,3.2,72,2233,0
582,11041,0.094396473652892,2.7772222222222,110,2178,0
583,11168,0.045323960075285004,2.415,135,2243,0
584,11213,0.13808411333909,2.2530555555556004,133,2713,0
585,11238,0.08029349854683501,2.0994444444444,148,3168,0
586,11273,0.06507307495461,2.1780555555556003,86,3163,0
587,11479,0.084518021856329,2.2638888888889,132,3289,0
588,11839,0.030507395540508,2.3575,73,4001,0
589,11735,0.05892502921299701,2.4680555555556003,95,4684,0
590,11574,0.0,2.6208333333333,74,4137,0
591,11531,0.033075906123641,2.6863888888889,51,4787,0
592,11420,0.16633704704670998,2.6172222222222,65,4278,0
593,12301,0.10228536028167,2.6194444444444,95,3898,0
594,11845,0.16949365549682996,2.6358333333333,72,3728,0
595,11374,0.08260397756200501,2.8661111111111004,41,4047,0
596,11370,0.024378363844868,3.0533333333333,38,3373,0
597,11197,0.15686874147816002,3.4438888888889,32,2669,0
598,11171,0.063929461148943,3.6552777777778,22,3289,0
599,11197,0.12602019009982998,3.8519444444444,29,2556,0
600,11114,0.035137191893634005,3.8069444444444,32,2557,0
601,12564,0.14965728062748998,3.5961111111111004,40,3003,0
602,12459,0.10046170077382,3.5344444444444,59,2441,0
603,12508,0.13163105487926,3.3972222222222,52,2396,0
604,12464,0.043899611017859004,3.3936111111111003,42,3426,0
605,12438,0.19567092855859,3.1025,46,2379,0
606,12449,0.19135011734275,2.8630555555556,97,3026,0
607,12373,0.11171915024595,2.4255555555556003,72,2336,0
608,12594,0.032053604746412,1.8619444444444,81,2850,0
609,12623,0.096448361580655,1.8930555555556,81,3016,0
610,12759,0.07934996156433399,2.2080555555556,70,3537,0
611,12841,0.024581173073578,2.3052777777778,89,3899,0
612,13063,0.025596039426134,2.3777777777777995,87,5044,0
613,13023,0.027922074309281,2.5161111111111,125,4806,0
614,12884,0.02593545023878,2.6411111111111,69,4139,0
615,13007,0.033086949155743,2.8011111111111004,57,4776,0
616,13016,0.047260069860172005,2.7236111111111003,99,4065,0
617,13588,0.038487130166032016,2.6813888888889,111,4969,0
618,13272,0.16080169828563,2.7336111111111,71,3784,0
619,12589,0.12635270044885,2.8863888888889,71,3297,0
620,12651,0.046904491868436,3.1225,48,3347,0
621,12616,0.059534673085297,3.4613888888889,76,3170,0
622,12492,0.12198352023568,3.8297222222222,56,2241,0
623,12497,0.052131597947042,3.8936111111111,35,2301,0
624,12623,0.094084438832673,3.7588888888889,35,2303,0
625,12481,0.13486764750848,3.5827777777778,29,2587,0
626,12434,0.062226183256115,3.4730555555556,38,3211,0
627,12495,0.091202035463034,3.4175,69,2604,0
628,12375,0.096137859324631,3.3533333333333,77,2841,0
629,12357,0.10449109200785,3.1963888888889,20,2168,0
630,12433,0.097127966420289,2.8852777777778,24,2265,0
631,12432,0.064404980330111,2.4880555555556003,83,2908,0
632,12429,0.10188181868693,2.2325,62,3180,0
633,12551,0.19953464365013,2.1044444444444,54,3118,0
634,12799,0.0747839457206,2.1097222222222,54,3296,0
635,12818,0.0,2.235,60,4432,0
636,13071,0.0,2.3516666666667003,63,4336,0
637,12897,0.0,2.5138888888889,95,4534,0
638,12961,0.041436571087464,2.6105555555556004,69,4261,0
639,12925,0.038671790863765,2.7233333333333,68,5248,0
640,12968,0.035810634316102014,2.6633333333333,58,5014,0
641,13525,0.1409929213297,2.5580555555556,107,3864,0
642,12993,0.0,2.6627777777778,48,5682,0
643,12369,0.052915080344848,2.7625,64,4404,0
644,12195,0.11966022897483,3.0283333333333,52,3705,0
645,12464,0.12973870706052,3.3727777777778,61,2738,0
646,12470,0.023838633821411,3.6369444444444,47,2887,0
647,12475,0.12358680271021,3.7088888888889,58,3776,0
648,12482,0.089095336472172,3.5847222222222,51,3532,0
649,12221,0.019762530636927,3.4836111111111,61,3724,0
650,12325,0.020994992941051,3.4077777777778,53,2786,0
651,12258,0.10380294658324002,3.4441666666667,55,2941,0
652,11980,0.079228021087742,3.1683333333333,52,2351,0
653,11947,0.039012779943635,3.0527777777778,89,2316,0
654,12291,0.10658713601061,2.8527777777778,85,2350,0
655,12293,0.14426278476756,2.5433333333333,106,2916,0
656,12341,0.08706206992122,2.1997222222222,88,2437,0
657,12390,0.16325946030154,2.1036111111111,59,2761,0
658,12611,0.0,2.2133333333333,48,3941,0
659,12737,0.0,2.2086111111111,66,4025,0
660,12882,0.07729609083366701,2.2883333333333,95,4466,0
661,12891,0.058100747891124,2.3222222222222,82,4401,0
662,12756,0.061191523312340984,2.47,76,4747,0
663,12875,0.08592375974441901,2.685,104,4051,0
664,12847,0.033467197342519,2.6763888888889,54,4448,0
665,13518,0.030265788895452006,2.5838888888889,43,3736,0
666,13217,0.11950310860409,2.6130555555556003,39,3918,0
667,12621,0.09169148327055697,2.7633333333333,48,3408,0
668,12591,0.18439354827551,3.0708333333333,38,2883,0
669,12332,0.10741924067542,3.4347222222222,45,3631,0
670,12404,0.15862461647089002,3.7030555555556,64,2609,0
671,12457,0.14957813136313,3.8138888888889,35,2533,0
672,12370,0.24059408570531,3.8508333333333,66,2469,0
673,11509,0.15511115210127,3.8961111111111,61,2458,0
674,11433,0.19582462633148,3.4763888888889,58,2458,0
675,11317,0.13981560037535998,3.4041666666667,51,2043,0
676,11364,0.1392329990551,3.2352777777778,55,1985,0
677,11350,0.13079770999921,3.1508333333333,126,2032,0
678,11348,0.053672881218709015,2.7863888888888995,61,3409,0
679,11365,0.10971373742228,2.4861111111111,94,2018,0
680,11505,0.13825204927093,2.2444444444444,83,2461,0
681,11468,0.13912778922607,2.1286111111111,136,2318,0
682,11562,0.10215803640865,2.1261111111111,104,2787,0
683,11858,0.096617489053804,2.2405555555556003,77,3186,0
684,11933,0.0,2.2991666666667,109,3490,0
685,11813,0.0,2.3627777777778,146,3407,0
686,11735,0.0,2.5863888888889,69,3193,0
687,11848,0.0,2.7286111111111,121,3412,0
688,11843,0.0,2.8355555555556,53,3563,0
689,12318,0.068897518746959,2.7875,61,3247,0
690,11846,0.05418569809170299,2.7825,82,3012,0
691,11066,0.06507307495461,2.7972222222222,37,2382,0
692,10920,0.10547682048851,3.0355555555556,19,2012,0
693,10836,0.056437861708265,3.2486111111111,19,1915,0
694,10879,0.098703711593837,3.6077777777778,19,1982,0
695,10796,0.14331889652193,3.76,54,1950,0
696,10785,0.05704449488642,3.806666666666701,44,4176,0
697,9469,0.0,3.6638888888889,46,3654,0
698,9278,0.032146952736052,3.5161111111111003,53,3063,0
699,9417,0.068135614649249,3.3286111111111003,83,1916,0
700,9253,0.034514299845882,3.2166666666667,92,1848,0
701,9435,0.028306668795131006,2.9783333333333,94,1704,0
702,9356,0.13119921991025002,2.7211111111111004,111,1680,0
703,9354,0.093609772007723,2.4102777777778,84,2011,0
704,9405,0.11179018663123,2.1366666666667,52,1772,0
705,9326,0.065272680657868,1.9947222222222,68,1838,0
706,9549,0.15901886092526998,1.9936111111111,35,1924,0
707,9499,0.0,2.0788888888889,40,2038,0
708,9371,0.26537507315217,2.1736111111111,47,1991,0
709,9462,0.0,2.4027777777778,85,1729,0
710,9509,0.056610336908172985,2.4580555555556,59,1673,0
711,9469,0.026644044055307004,2.6102777777777995,61,1656,0
712,9522,0.040819652463459,2.7597222222222,45,1774,0
713,9885,0.13497701521251,2.8122222222222,47,1784,0
714,9802,0.16853433621426,2.8427777777778,72,1818,0
715,9461,0.08655557751574,2.87,69,1981,0
716,9393,0.05741127788681901,2.9769444444444,17,2004,0
717,9638,0.037244401880164,3.3241666666667005,47,1788,0
718,9435,0.1132743034971,3.6375,37,1786,0
719,9519,0.15690958465910998,3.8652777777778,57,1781,0
720,9492,0.09604225449090803,3.8091666666667,62,2024,0
721,9458,0.06746445682560599,3.6844444444444,72,1669,0
722,9420,0.058373145210404015,3.5913888888889,43,1729,0
723,9429,0.048008603166117006,3.5255555555556,57,1682,0
724,9461,0.12614216994504,3.3277777777778,47,1714,0
725,9404,0.077186121310215,3.07,61,1679,0
726,9366,0.042879382350005,2.7622222222222,53,1739,0
727,9488,0.031014262794497007,2.3872222222222,78,1669,0
728,9515,0.13957171072647,2.1308333333333,100,1806,0
729,9487,0.027108383258306,2.1563888888889,104,1650,0
730,9497,0.0,2.2547222222222003,56,1751,0
731,9516,0.0,2.3397222222222003,89,1685,0
732,9504,0.0,2.4808333333333,108,1645,0
733,9422,0.025265991419408,2.6208333333333,67,2133,0
734,9543,0.0,2.8138888888889,83,1618,0
735,9395,0.047219926720593,2.9275,90,1623,0
736,9352,0.083109434319356,2.8663888888888995,82,1697,0
737,9884,0.10860709298782,2.7794444444444,76,1684,0
738,9820,0.098319718095083,2.8194444444444,34,1779,0
739,9439,0.02201293380153,2.9458333333333,43,2982,0
740,9560,0.064929719079082,3.2413888888888995,40,1848,0
741,9589,0.036960535765785,3.7166666666667,40,1772,0
742,9575,0.068536856116777,4.1333333333333,57,1841,0
743,9541,0.012398281267649,4.2697222222222,60,1834,0
744,9490,0.035305311833591015,4.2797222222222,53,1860,0
745,7160,0.024153733176505,4.0,44,1647,0
746,7233,0.031750779212929,3.8877777777778,48,2129,0
747,7166,0.092612685693125,3.6633333333333,50,1763,0
748,7245,0.12674340154738,3.6127777777778,65,1433,0
749,7299,0.068594711667718,3.3175,93,1428,0
750,7169,0.13866540834682,2.8930555555556,105,1521,0
751,7228,0.046813024390007014,2.4722222222222,94,1622,0
752,7123,0.072990045810784,2.2294444444444,53,1580,0
753,7199,0.17156759541908995,2.1286111111111,59,1468,0
754,7167,0.051876699734571985,2.2219444444444,63,1520,0
755,7212,0.031958698733103,2.3366666666667,61,1529,0
756,7206,0.07333373485157901,2.4155555555556,72,1611,0
757,7149,0.0,2.5408333333333,93,1511,0
758,7284,0.023187512335638,2.6511111111111,62,1906,0
759,7265,0.031672522871666,2.8405555555556,50,2632,0
760,7221,0.091103855362214,2.8336111111111,42,1483,0
761,7588,0.0,2.6575,62,1611,0
762,7423,0.0983398607742,2.6622222222222005,21,1676,0
763,7198,0.08011943311413,2.7719444444444,28,1670,0
764,7279,0.043646436319699,3.0344444444444,65,1631,0
765,7174,0.091445521226266,3.3741666666667003,37,1799,0
766,7259,0.067771120773973,3.6925,20,1511,0
767,7166,0.049768578185777006,3.8136111111111,47,1605,0
768,7171,0.067455979006223,3.8202777777778,45,1758,0
769,6883,0.14102875351082,3.7547222222222,49,1509,0
770,6859,0.04521932948417,3.6077777777778,46,1591,0
771,6817,0.032382889221133,3.5330555555556,30,1543,0
772,6877,0.075100266089453,3.3544444444444,30,1573,0
773,6785,0.038989846359505,3.1155555555556,48,1473,0
774,6665,0.093396608626074,2.8463888888888995,36,1476,0
775,6805,0.06797619687558401,2.4411111111111,46,1712,0
776,6863,0.08326287339845401,2.1455555555556,27,1801,0
777,6926,0.015112630017379,2.0025,79,1902,0
778,7004,0.031549757127405,2.1247222222222,65,2005,0
779,6950,0.0,2.2741666666667,57,2363,0
780,7262,0.0,2.3272222222222005,61,2513,0
781,7361,0.017214486216241002,2.4363888888889,89,2664,0
782,7288,0.015541991667356,2.6155555555556003,80,2714,0
783,7463,0.0,2.7272222222222,79,2754,0
784,7188,0.027199843934104,2.6552777777778,113,2670,0
785,7658,0.053744802378685,2.6086111111111,71,2584,0
786,7575,0.05675511278546901,2.6025,53,2466,0
787,6954,0.070873939193717,2.7372222222222,64,2137,0
788,6862,0.19022950977106,3.0125,43,1931,0
789,6896,0.17589540947937002,3.3477777777778,34,1743,0
790,6954,0.022875979046571,3.6236111111111,29,1713,0
791,6869,0.0,3.7383333333333,30,1649,0
792,6890,0.13681403156951,3.7772222222222,24,1633,0
793,9742,0.058507485759525,3.6966666666667,40,1993,0
794,9730,0.10227075584148,3.7733333333333,32,1940,0
795,9810,0.06726096113022301,3.6408333333333,39,1951,0
796,9688,0.15267199916685995,3.3922222222222,67,1894,0
797,9849,0.069818221889972,3.1627777777778,65,1801,0
798,9765,0.030305771594539,2.6875,49,1962,0
799,9812,0.09211700324247198,2.3533333333333,41,2123,0
800,9931,0.12298177354813,2.0425,50,2434,0
801,9908,0.08705722689013601,1.9738888888889,48,2402,0
802,10066,0.07529920073678098,2.0425,59,3013,0
803,10184,0.06217694957317299,2.1563888888889,51,3086,0
804,10295,0.020886039183631,2.2866666666667004,43,3527,0
805,10113,0.08148200392528,2.3919444444444,72,3716,0
806,10218,0.027014133895137,2.5513888888889,52,3577,0
807,10322,0.08271940630361399,2.6030555555556,68,3430,0
808,10269,0.038537180887872,2.6647222222222005,74,3413,0
809,10781,0.090543853269643,2.5930555555556003,46,3755,0
810,10486,0.02593545023878,2.5513888888889,64,4806,0
811,10124,0.090692829340129,2.76,38,3127,0
812,9993,0.09154630234853098,3.0636111111111,40,3421,0
813,9801,0.09562635368432304,3.4016666666667,50,2475,0
814,9760,0.0,3.7277777777778,42,2440,0
815,9858,0.0,3.7902777777778,37,2731,0
816,9884,0.027267039980187,3.7355555555556,34,2493,0
817,7781,0.024102810048699,3.535,37,1665,0
818,7742,0.072297652068167,3.5819444444444,47,1771,0
819,7682,0.12348623922845,3.3847222222222,67,2293,0
820,7831,0.077453588867077,3.2547222222222,66,1959,0
821,7641,0.05662557916213299,3.125,91,1498,0
822,7641,0.15509029304093,2.7766666666667,132,1537,0
823,7759,0.079595064406905,2.4725,149,1580,0
824,7748,0.053225613553497,2.1927777777778,65,1901,0
825,7776,0.05741127788681901,2.1283333333333,50,1916,0
826,7938,0.077171346852694,2.2319444444444,70,2213,0
827,8031,0.0,2.3061111111111,82,2205,0
828,8117,0.07512642149906099,2.3363888888889,72,2486,0
829,8099,0.0,2.3686111111111,98,2580,0
830,8002,0.0,2.4986111111111,78,2530,0
831,7944,0.026463035590685,2.6433333333333,86,2664,0
832,7963,0.024228588329879,2.7563888888889,76,4368,0
833,8602,0.055182797357095005,2.6652777777778,95,3103,0
834,8269,0.09607690135523,2.6844444444444,63,2249,0
835,7871,0.059431847203259,2.7902777777778,32,2070,0
836,7709,0.018731901987648,3.1119444444444,30,2833,0
837,7726,0.033970515582906,3.5491666666667,27,1734,0
838,7781,0.049963174087431,3.7102777777778,22,2151,0
839,7762,0.073295374096872,3.7961111111111,19,2103,0
840,7692,0.017715537831218996,3.7730555555556,32,1725,0
841,6608,0.014656639469103996,3.5919444444444,45,1895,0
842,6526,0.15513271231042,3.5580555555556,65,1959,0
843,6531,0.06544162031760599,3.4588888888889,73,1637,0
844,6483,0.12276447331552,3.2969444444444003,52,1658,0
845,6602,0.054046416943085,3.2288888888889,93,1666,0
846,6555,0.06827770027642299,2.7358333333333,68,2410,0
847,6610,0.10171854295932,2.4636111111111,127,1787,0
848,6690,0.093454285728882,2.1894444444444,105,2264,0
849,6651,0.04318436192577,2.1227777777778,75,2007,0
850,6759,0.10050707347524,2.1369444444444,77,2107,0
851,6836,0.019571935182124,2.2230555555556,140,2355,0
852,6894,0.0,2.3188888888889,132,2726,0
853,6844,0.0,2.4166666666667003,100,2875,0
854,6773,0.02713995635286,2.5777777777778,174,2780,0
855,6802,0.092632629280125,2.7869444444444,82,3936,0
856,6947,0.098676638207998,2.8586111111111,128,3116,0
857,7248,0.0,3.0816666666667003,79,3770,0
858,6885,0.11132365864914,2.8713888888889,71,2382,0
859,6643,0.0947301899901,2.9386111111111,60,2152,0
860,6560,0.061070711161473,2.9827777777778,60,1754,0
861,6554,0.18477832073133,3.3197222222222,56,1783,0
862,6600,0.055986690710270993,3.5961111111111004,78,1780,0
863,6525,0.16264480046039995,3.7613888888889,60,1582,0
864,6543,0.026215643469448,3.7305555555556,48,2271,0
865,9018,0.0,3.5580555555556,48,2592,0
866,9225,0.054655616583012,3.5136111111111004,42,2921,0
867,9112,0.07076692500883701,3.3772222222222,64,1814,0
868,9195,0.067217215228375,3.2402777777778,36,3219,0
869,9206,0.046060828388587,3.0586111111111003,40,2567,0
870,9224,0.08329795085471901,2.7908333333333,18,1899,0
871,9408,0.08219020764935,2.3761111111111,35,1801,0
872,9082,0.046792553198475,2.1347222222222,44,2005,0
873,9168,0.06755714954154099,1.9991666666667,105,2572,0
874,9258,0.099050882008287,1.9983333333333,71,3563,0
875,9158,0.0,2.0908333333333,65,2777,0
876,9140,0.10824637351267,2.2311111111111,74,3362,0
877,9206,0.0,2.3219444444444,34,3590,0
878,9186,0.0,2.4727777777778,49,2930,0
879,9155,0.037750185176735,2.5952777777778,44,2481,0
880,9174,0.030345867660395,2.7416666666667004,57,2571,0
881,9758,0.057665227298857,2.7652777777778,102,3546,0
882,9451,0.16774071722374,2.7980555555556,106,4984,0
883,9153,0.10462164884166,2.7597222222222,58,1994,0
884,9233,0.051974117163582,3.0116666666667005,57,3060,0
885,9250,0.070438547008222,3.2916666666667003,62,2151,0
886,9317,0.11437533048244,3.5547222222222,42,2158,0
887,9130,0.028754095353637,3.7580555555556,35,2319,0
888,9249,0.06874265819680701,3.7330555555556,28,1909,0
889,8297,0.041552255552731,3.5886111111111005,27,1627,0
890,8245,0.033571347720577,3.5255555555556,35,2459,0
891,8298,0.014724878652831,3.3858333333333,50,3167,0
892,8247,0.046095580964192,3.2677777777778,69,1839,0
893,8387,0.031859774913781,3.1247222222222,64,3887,0
894,8392,0.094121536253424,2.7213888888888995,69,2031,0
895,8531,0.11471874999036,2.3972222222222004,58,1522,0
896,8437,0.09375530196425097,2.0836111111111,58,1732,0
897,8344,0.10898948864079,2.0644444444444,51,2169,0
898,8274,0.031129909255124,2.2063888888889,46,1679,0
899,8328,0.0,2.3044444444444,84,1941,0
900,8351,0.020155867044519,2.47,144,1638,0
901,8380,0.016795241270985,2.5697222222222003,86,1725,0
902,8332,0.0,2.7625,69,1903,0
903,8366,0.0,2.9436111111111005,81,2074,0
904,8357,0.01748186857624,2.7905555555556,175,1848,0
905,8867,0.015638795432702,2.7527777777778,65,1761,0
906,8659,0.037878946671491,2.6980555555556,48,1838,0
907,8458,0.14870829462531002,2.9102777777778,33,1640,0
908,8360,0.07322030784057597,3.2663888888889,35,1715,0
909,8330,0.10504553292421,3.5372222222222,37,1717,0
910,8298,0.10771048774666,3.86,31,1758,0
911,8381,0.07484115005697,3.9216666666667,36,1975,0
912,8393,0.10377526695926,3.8766666666667,30,1865,0
913,3998,0.052336696506499,3.6463888888889,28,3575,0
914,3733,0.039930389849144,3.6552777777778,24,1413,0
915,3735,0.052659026600132,3.5880555555556,68,1414,0
916,3709,0.071593754146172,3.3594444444444003,26,1170,0
917,3755,0.072107773186609,3.1888888888889,78,1209,0
918,3782,0.14407221323011,2.7575,90,1170,0
919,3849,0.078873737285415,2.3936111111111,76,1328,0
920,3801,0.090543853269643,2.1925,94,1258,0
921,3787,0.0,2.16,70,1427,0
922,3835,0.18229662394063,2.2719444444444,129,1480,0
923,4035,0.10064381631633,2.3994444444444,120,1687,0
924,4173,0.0,2.2836111111111,122,1942,0
925,3995,0.0,2.5422222222222004,100,1967,0
926,4016,0.0,2.6908333333333,102,2110,0
927,4049,0.064661049677152,2.7702777777778,118,1956,0
928,4014,0.10610212880951,2.7405555555556,86,1984,0
929,4263,0.098345239553664,2.6908333333333,92,1893,0
930,3941,0.055426072308289,2.7008333333333,44,1821,0
931,4023,0.026036719363444,2.8322222222222,25,1641,0
932,3917,0.058176601538018,3.0922222222222,54,1604,0
933,3910,0.11644035456955,3.4363888888889,48,1265,0
934,3934,0.067489738764642,3.7530555555556,56,1407,0
935,3783,0.091155534540558,3.9127777777778,42,1342,0
936,3834,0.052217414705359004,3.7608333333333,41,1216,0
937,8698,0.028401045145692,3.6472222222222,32,2569,0
938,8969,0.06030991242653401,3.5544444444444,48,2150,0
939,8928,0.057683225704233,3.5036111111111,40,2317,0
940,9020,0.049602244305935,3.2538888888889,26,2047,0
941,8865,0.054771618715138,3.1886111111111,55,2065,0
942,8830,0.014455899164978,2.7341666666667,52,1909,0
943,8879,0.05563571922395901,2.3655555555556003,34,1910,0
944,9120,0.077488949885965,2.1688888888889,61,2037,0
945,9111,0.06776025909838901,2.0977777777778,34,3065,0
946,9071,0.033919453583666,2.3077777777778,50,2452,0
947,9205,0.030948232299768,2.3611111111111,47,3226,0
948,9355,0.0,2.4986111111111,56,3271,0
949,9372,0.0,2.5691666666667,76,3471,0
950,9392,0.0,2.7463888888889,60,3922,0
951,9416,0.0,2.8063888888888995,100,3296,0
952,9394,0.0,2.8091666666667003,80,3171,0
953,9810,0.10150033578287,2.715,74,3208,0
954,9594,0.13650296233629,2.6869444444444,24,3602,0
955,9006,0.048341331534980006,2.8180555555556,41,3208,0
956,9140,0.055919636698743,3.0541666666667004,19,3455,0
957,8925,0.052826773889684014,3.4711111111111004,24,2833,0
958,9047,0.07932984590431501,3.7566666666667,18,3453,0
959,9030,0.033310879512461,3.8633333333333,28,3155,0
960,9088,0.048306771033288,3.7519444444444,5,2145,0
961,8569,0.034002578802562,3.6480555555556,12,1999,0
962,8616,0.047801640470854015,3.5061111111111005,35,2135,0
963,8497,0.13378075099383,3.47,41,1813,0
964,8439,0.063853685461221,3.3086111111111003,30,2020,0
965,8567,0.0,3.1194444444444,22,2127,0
966,8694,0.073869151016554,2.8044444444444,56,1764,0
967,8739,0.043582908466928014,2.4205555555556004,34,2249,0
968,8761,0.0,2.1180555555556,73,3119,0
969,8838,0.062006969698131,2.1266666666667,86,2031,0
970,8908,0.14006961492891,2.1708333333333,68,2246,0
971,9053,0.11198565566104,2.3247222222222,36,3214,0
972,9346,0.0,2.4208333333333,66,4207,0
973,8989,0.058427455554992985,2.5563888888889,74,4195,0
974,8807,0.070887934206661,2.7086111111111,78,3179,0
975,9020,0.031869233863638,2.8027777777778,66,2739,0
976,9034,0.0,2.7711111111111,118,2394,0
977,9558,0.055680379884383,2.74,81,3750,0
978,9042,0.030919398857213,2.6869444444444,85,3000,0
979,8804,0.040222150865381015,2.8113888888889,69,2646,0
980,8885,0.08462727078727299,3.1258333333333,49,2375,0
981,8721,0.15790637433488,3.4711111111111004,56,2442,0
982,8676,0.099165571846447,3.7419444444444,64,2069,0
983,9029,0.051043016646698,3.7258333333333,48,1899,0
984,8670,0.023695834967821,3.5369444444444,65,2277,0
985,8537,0.13363180896924,3.4911111111111004,53,1926,0
986,8418,0.14375985835531,3.3769444444444,70,1949,0
987,8481,0.13890523887057998,3.3327777777778,51,2222,0
988,8535,0.096357518724471,3.1925,30,1797,0
989,8535,0.098277544249084,3.135,97,1860,0
990,8442,0.11251833989481,2.8338888888889,41,2870,0
991,8448,0.074768662666532,2.4997222222222004,32,1899,0
992,8527,0.038008655416852,2.2297222222222004,47,2336,0
993,8541,0.016354174968753,2.1158333333333,34,2703,0
994,8635,0.11898350916153,2.1966666666667,54,2773,0
995,8867,0.0,2.2591666666667,69,2577,0
996,9033,0.0,2.3002777777778,109,2816,0
997,8875,0.0,2.3797222222222003,76,3133,0
998,8708,0.0,2.625,47,3366,0
999,8455,0.020636446066963,2.6661111111111,44,3062,0
1000,8713,0.043044731483849,2.6694444444444,92,3003,0
1001,8934,0.12513578187909,2.6541666666667,67,3044,0
1002,8745,0.099581351017555,2.6483333333333,26,3230,0
1003,8674,0.085903047711976,2.7444444444444,42,2793,0
1004,8606,0.066698820830796,3.0788888888889,69,1945,0
1005,8508,0.034228320502586,3.4833333333333,32,2716,0
1006,8558,0.028479870560763,3.6063888888889,41,2103,0
1007,8529,0.16430377699282994,3.8069444444444,52,1795,0
1008,8520,0.020290722486788003,3.6475,56,2840,0
1009,6662,0.17253761895951006,3.5219444444444,47,2653,0
1010,6491,0.1150267570489,3.3708333333333,65,2819,0
1011,6498,0.14119445755296,3.3086111111111003,70,1706,0
1012,6500,0.079900598296651,3.2411111111111004,84,1801,0
1013,6471,0.11459361685243,3.0525,71,3271,0
1014,6354,0.11299850955195,2.7419444444444,110,2001,0
1015,6592,0.078187238738118,2.4305555555556,65,1678,0
1016,6552,0.15222680511595002,2.1852777777778,68,1703,0
1017,6492,0.05823703723779,2.0644444444444,74,2441,0
1018,6577,0.038270957919533,2.1961111111111,43,2304,0
1019,6777,0.045436612403901,2.2886111111111,55,3124,0
1020,6844,0.051111263534218,2.3219444444444,53,3605,0
1021,6769,0.0,2.4436111111111,64,2985,0
1022,6642,0.0,2.6463888888889,58,2934,0
1023,6782,0.057248496594127986,2.735,54,3044,0
1024,6715,0.0,2.7586111111111005,121,3463,0
1025,6915,0.084808608043399,2.7138888888889,103,3199,0
1026,6569,0.05823703723779,2.7119444444444,66,2684,0
1027,6486,0.12640598881102005,2.8027777777778,73,3317,0
1028,6504,0.08602692657241201,2.9777777777778,71,2159,0
1029,6445,0.13712331887199,3.2961111111111,37,2043,0
1030,6427,0.12184008568979,3.4869444444444,46,2003,0
1031,6365,0.050317612906928,3.673611111111101,40,2260,0
1032,6277,0.07167380324199299,3.7469444444444,26,3522,0
1033,5231,0.051289858799957,3.6133333333333,42,1840,0
1034,5166,0.094021005766084,3.4752777777778,63,1820,0
1035,5303,0.020566298353792,3.3602777777778,68,1856,0
1036,5306,0.12275234276969,3.1605555555556,87,1715,0
1037,5298,0.1054190746845,3.0733333333333,60,1695,0
1038,5268,0.19050318144252,2.7130555555556,94,2254,0
1039,5251,0.10472332930133,2.2886111111111,121,1652,0
1040,5194,0.12644994481537,2.0783333333333,128,1602,0
1041,5230,0.08859454436104999,1.9188888888889,68,1792,0
1042,5244,0.0,1.9355555555556003,76,1954,0
1043,5102,0.09532581107230803,2.0569444444444,77,1808,0
1044,5244,0.15766772749983,2.1902777777778,158,1629,0
1045,5249,0.06429178708826701,2.3477777777778,112,2140,0
1046,5261,0.068395341911942,2.5502777777778,85,2390,0
1047,5339,0.025992957736547997,2.6597222222222,77,1707,0
1048,5241,0.0,2.7238888888888995,89,1901,0
1049,5491,0.021142167244918,2.7375,106,1820,0
1050,5374,0.072067861729848,2.7483333333333,47,2167,0
1051,5354,0.1275228688396,2.8525,34,2063,0
1052,5232,0.043846003986674,3.0038888888889,32,2184,0
1053,5217,0.10247450096434,3.2761111111111005,22,1981,0
1054,5258,0.07584150637714701,3.5761111111111004,16,1813,0
1055,5251,0.020496657705832,3.8172222222222,32,2033,0
1056,5223,0.13399493992192998,3.6691666666667,16,1629,0
1057,3952,0.091121163023619,3.5558333333333,20,1485,0
1058,3949,0.11809705541338,3.4266666666667,56,1527,0
1059,4021,0.033014047837867995,3.435,74,2561,0
1060,3815,0.16367597832104,3.2111111111111,116,1523,0
1061,3855,0.12469537397569,3.1297222222222,72,1446,0
1062,3892,0.095002031789468,2.7538888888889,66,1499,0
1063,3948,0.1028064299952,2.3116666666667003,56,1368,0
1064,3860,0.028861851985229007,2.0988888888889,61,1426,0
1065,3830,0.05806984314166,2.0983333333333,2151,3528,0
1066,3821,0.050886592113012,2.1986111111111,459,2279,0
1067,3886,0.05081829754409599,2.3677777777778,84,1421,0
1068,3954,0.0,2.5036111111111,55,2008,0
1069,3839,0.08354288831032201,2.5786111111111,61,1429,0
1070,3921,0.0,2.8172222222222,19,1497,0
1071,3874,0.08142390858425297,2.8727777777778,30,1604,0
1072,3996,0.047911560407608,2.8294444444444,73,1595,0
1073,4246,0.12201534565884,2.7136111111111005,63,2217,0
1074,3803,0.088739417881303,2.7058333333333,35,1580,0
1075,3594,0.08276214539547999,2.8161111111111,57,1466,0
1076,3778,0.066779641097052,3.1541666666667,50,1717,0
1077,3745,0.11367082443275,3.5791666666667004,48,1564,0
1078,3747,0.021597223158314,3.8158333333333,40,1752,0
1079,3726,0.16874893592242002,3.9405555555556,36,1598,0
1080,3729,0.041971530556774,3.7294444444444,59,1842,0
1081,8513,0.042983941794881,3.6183333333333,14,3066,0
1082,8738,0.14500733624043,3.4911111111111004,16,2272,0
1083,8709,0.046727090031129015,3.4566666666667003,36,4344,0
1084,8601,0.032553617944112004,3.37,65,3242,0
1085,8719,0.040039251102491,3.1658333333333,80,2291,0
1086,8820,0.055153759101126985,2.7261111111111003,91,2240,0
1087,8674,0.05751181017711901,2.3533333333333,102,2012,0
1088,8859,0.041202889821452,2.1158333333333,85,2305,0
1089,8905,0.07854024449462599,2.0852777777778,69,2295,0
1090,8920,0.11628975245152,2.1422222222222,79,2370,0
1091,9062,0.087543035971238,2.3172222222222003,66,3066,0
1092,9139,0.0,2.3983333333333,47,3132,0
1093,8866,0.031151045483539,2.55,51,3006,0
1094,8997,0.0,2.7413888888888995,20,3101,0
1095,9122,0.029949950026121008,2.7636111111111004,62,3739,0
1096,9191,0.067297142748812,2.7002777777778,54,3933,0
1097,9795,0.08450527625030299,2.7247222222222,99,4537,0
1098,9255,0.049852109269358014,2.5866666666667,64,3856,0
1099,8924,0.094084438832673,2.8597222222222,66,2862,0
1100,9012,0.044896125591910994,3.1269444444444,49,2449,0
1101,9023,0.07328004196455701,3.5019444444444,73,2222,0
1102,8875,0.13104465124262998,3.778611111111101,47,2159,0
1103,8800,0.10394116672902,3.8727777777778,48,2486,0
1104,8785,0.033616505813902,3.704166666666701,35,3148,0
1105,8474,0.02672150953308,3.5533333333333,27,3207,0
1106,8412,0.082058799915824,3.4461111111111005,19,2057,0
1107,8491,0.05732182787355501,3.4341666666667003,37,2029,0
1108,8391,0.067005870534182,3.3141666666667,45,3127,0
1109,8216,0.13429243256821,3.0438888888889,45,2597,0
1110,8292,0.015094533525413,2.6791666666667004,32,2350,0
1111,8406,0.063949370932991,2.3202777777778,99,2364,0
1112,8509,0.094378811742462,2.0691666666667,71,2095,0
1113,8486,0.02139340711812,2.0091666666667,93,2978,0
1114,8616,0.0,2.1886111111111,78,2743,0
1115,8642,0.0,2.3088888888889,71,2668,0
1116,8823,0.0,2.3794444444444,91,3054,0
1117,8774,0.0,2.5994444444444,31,3733,0
1118,8810,0.0,2.7119444444444,35,4312,0
1119,8611,0.0,2.76,25,4112,0
1120,8798,0.10029435223064,2.6975,45,3541,0
1121,9179,0.0,2.5466666666667,33,3901,0
1122,9057,0.10365337249761998,2.6036111111111,34,4371,0
1123,8633,0.12418226954696003,2.7927777777778,40,4099,0
1124,8517,0.0,2.9788888888889,17,3039,0
1125,8427,0.051166116772473,3.4080555555556,17,3197,0
1126,8615,0.040222150865381015,3.6813888888889,16,2346,0
1127,8690,0.17057206553854998,3.7983333333333,26,2285,0
1128,8438,0.12861588337799,3.6338888888889,19,2313,0
1129,10388,0.0,3.5111111111111004,30,3216,0
1130,10588,0.0,3.3613888888889,94,3860,0
1131,10533,0.14569364884757002,3.3072222222222,73,4781,0
1132,10397,0.18198813530019,3.2447222222222,59,2957,0
1133,10347,0.038073868368755,3.1152777777778,53,2171,0
1134,10405,0.11491272575332,2.6994444444444,56,2856,0
1135,10411,0.064841538076484,2.3497222222222005,70,2714,0
1136,10503,0.048708312546253,2.0619444444444,60,2602,0
1137,10598,0.11629780056153,2.0625,83,2331,0
1138,10692,0.07659916149791901,2.1905555555556004,265,3586,0
1139,10874,0.0,2.2588888888889,944,3363,0
1140,11043,0.043763623117499,2.3983333333333,36,3879,0
1141,11009,0.0,2.5536111111111,42,3556,0
1142,10818,0.041436571087464,2.7408333333333,23,4381,0
1143,10985,0.0,2.7375,75,4777,0
1144,10861,0.08191467409622599,2.7780555555556,68,4879,0
1145,12282,0.11084389924027,2.6225,23,3553,0
1146,11225,0.12510294083344,2.6386111111111,35,3177,0
1147,10775,0.10213470511717,2.7908333333333,38,2727,0
1148,10688,0.06332743445339299,3.0922222222222,69,2758,0
1149,10601,0.033666593475508995,3.4291666666667004,57,4124,0
1150,10634,0.057459020289436,3.6752777777778,58,3076,0
1151,10646,0.023008391787587,3.736111111111101,43,2291,0
1152,10562,0.037622360322278,3.5905555555556,65,2482,0
1153,10608,0.026766196308354,3.3872222222222,60,2537,0
1154,10618,0.13691041072327,3.3186111111111005,55,2434,0
1155,10636,0.024581173073578,3.2775,49,2608,0
1156,10583,0.050723618686514,3.1625,54,2614,0
1157,10613,0.038807415292018,3.1391666666667004,66,2904,0
1158,10603,0.10731539561588,2.7616666666667005,59,2204,0
1159,10601,0.13649131550296,2.4675,107,2326,0
1160,10757,0.11190990870167998,2.2166666666667,104,3002,0
1161,10815,0.17879123074031,2.1205555555556,100,3472,0
1162,10790,0.08728058888363299,2.2044444444444,133,3496,0
1163,11082,0.0,2.3147222222222004,65,3168,0
1164,11121,0.07099894663641,2.2416666666667004,152,4268,0
1165,10913,0.098617038600063,2.405,83,4350,0
1166,11004,0.0,2.5705555555556003,158,3555,0
1167,11135,0.10519721128315,2.7088888888889,145,4986,0
1168,10960,0.10928571467639,2.6913888888889,77,4576,0
1169,11686,0.14969099592127,2.6427777777778,13,4451,0
1170,11244,0.060122448878635,2.705,67,3627,0
1171,10931,0.068254139999346,2.8738888888889,25,3485,0
1172,10811,0.056987671819742985,3.0819444444444,27,3046,0
1173,10679,0.094667935014769,3.4491666666667005,23,2657,0
1174,10648,0.13287358772218,3.6275,28,2423,0
1175,10757,0.032507012295146,3.8027777777778,25,2374,0
1176,10706,0.14779741522058998,3.6436111111111,28,2493,0
1177,9077,0.10864900088005,3.4861111111111005,30,2495,0
1178,8836,0.12602969813907,3.3266666666667004,31,2189,0
1179,8971,0.07253718299881,3.1866666666667003,31,2214,0
1180,8972,0.31381296416887,3.2213888888888995,44,2374,0
1181,8903,0.2312064012582,3.0102777777778,27,3230,0
1182,8967,0.17687421373190998,2.6658333333333,36,2132,0
1183,8962,0.022073721703464003,2.3902777777778,61,3042,0
1184,9044,0.11600086139073,2.1380555555556,64,2053,0
1185,8931,0.10418807549523,2.0161111111111,118,2349,0
1186,9028,0.040222150865381015,2.0641666666667,98,3381,0
1187,9240,0.06812462580532,2.1844444444444,76,3436,0
1188,9227,0.055328485037955,2.2822222222222,57,3280,0
1189,9227,0.027788383289499,2.4002777777777995,74,4357,0
1190,9125,0.0,2.5433333333333,72,4522,0
1191,9075,0.0,2.7469444444444,78,4094,0
1192,9117,0.035137191893634005,2.6872222222222,69,3296,0
1193,9562,0.035137191893634005,2.6980555555556,125,4129,0
1194,9305,0.11258759940039,2.7380555555556,157,3036,0
1195,8965,0.16105265701128,2.7858333333333,61,2628,0
1196,8862,0.15210502999287,3.0502777777778,12,2296,0
1197,8858,0.07673479360192201,3.2991666666667,16,2221,0
1198,8820,0.17013715283392,3.5533333333333,36,1991,0
1199,8876,0.1609412187274,3.6652777777778,27,2778,0
1200,8797,0.12008642730107,3.6116666666667,22,2511,0
1201,9074,0.045995324803682,3.5463888888889,22,2103,0
1202,9318,0.23802438276872,3.4013888888889,35,2111,0
1203,9286,0.18078076076243,3.245,67,2055,0
1204,9320,0.12741851179236,3.1644444444444,46,1930,0
1205,9280,0.08024661572906401,2.9361111111111,72,2456,0
1206,9333,0.32656213417732,2.6952777777778,96,2952,0
1207,9334,0.28639695711596,2.3702777777778,117,2147,0
1208,9337,0.083900984173012,2.0947222222222,113,2051,0
1209,9405,0.12853338721539,1.9538888888889,140,2281,0
1210,9263,0.032414228925828,1.9925,107,2102,0
1211,9326,0.08237281480963901,2.0363888888889,102,2062,0
1212,9421,0.0,2.1919444444444,85,2796,0
1213,9275,0.0,2.3211111111111,49,2005,0
1214,9323,0.0,2.4955555555556,69,2075,0
1215,9347,0.45868581620054,2.6980555555556,68,2058,1
1216,9333,0.1959092708736,2.7219444444444,104,2733,0
1217,9846,0.7871265862012701,2.725,111,2170,1
1218,9497,0.18267963393082,2.7816666666667,88,2282,0
1219,9383,0.26777755992147,2.7811111111111004,64,2178,0
1220,9300,0.30404676514833,2.955,29,2283,0
1221,9389,0.28226806095289003,3.3158333333333,32,2097,0
1222,9364,0.32093016819692,3.5669444444444003,29,2738,0
1223,9227,0.24793583772273,3.7419444444444,21,2678,0
1224,9309,0.27376916868294,3.6236111111111,33,2404,0
1225,6204,0.32069151905173,3.4416666666667,37,1497,0
1226,6048,0.16728853165162,3.4172222222222,57,1496,0
1227,5949,0.17244047836378998,3.3016666666667,72,1935,0
1228,5981,0.21356200193615,3.1963888888889,86,1521,0
1229,5897,0.08833993625230199,3.0641666666667,70,2879,0
1230,6038,0.20141526375625,2.735,63,1561,0
1231,6094,0.12271171189386,2.3288888888889,49,1381,0
1232,6022,0.15111333507662,2.0938888888889,81,1826,0
1233,6122,0.3688420983862,2.1338888888889,58,1896,0
1234,6034,0.15672074166098002,2.2247222222222005,70,2083,0
1235,6079,0.099476236793782,2.3308333333333,67,1792,0
1236,5998,0.18394691317126,2.3902777777778,70,3258,0
1237,6004,0.076264605227629,2.5819444444444,95,2265,0
1238,5908,0.058100747891124,2.6661111111111,100,2775,0
1239,6022,0.18015967729618,2.8258333333333,116,1545,0
1240,5981,0.059431847203259,2.7502777777778,123,1818,0
1241,6399,0.14870829462531002,2.6730555555556004,71,1481,0
1242,6119,0.09565694822541,2.7536111111111,65,1677,0
1243,6114,0.16022629962173002,2.9677777777778,73,1858,0
1244,5915,0.4140256163498,3.37,53,1643,0
1245,6192,0.32447726333369004,3.5958333333333,79,1582,0
1246,6021,0.15394421357627,3.8144444444444,77,1611,0
1247,6060,0.060070368432038,3.8283333333333,59,1803,0
1248,7510,0.14236976564388,3.7030555555556,66,2121,0
1249,7560,0.12741851179236,3.5802777777778,54,2375,0
1250,7525,0.093634078744746,3.4197222222222,54,1866,0
1251,7483,0.13709947889982,3.4438888888889,89,2398,0
1252,7452,0.06298116794216299,3.3425,85,2577,0
1253,7512,0.13125017838571,3.1608333333333,96,1801,0
1254,7572,0.21161148728916,2.7413888888888995,149,1840,0
1255,7629,0.06783428261124,2.3808333333333,139,1985,0
1256,7529,0.20877561051189,2.12,90,2041,0
1257,7623,0.10394294206935002,2.1533333333333,68,2075,0
1258,7637,0.0,2.2569444444444,445,2564,0
1259,7921,0.076424293095548,2.3183333333333,100,2734,0
1260,7790,0.08809461878011901,2.3583333333333,138,3143,0
1261,7782,0.034280386319742985,2.5072222222222003,104,3119,0
1262,7829,0.039360296791109,2.5927777777778,82,3590,0
1263,7902,0.0,2.6894444444444,208,3893,0
1264,8039,0.038944065994356014,2.6291666666667,92,3264,0
1265,8350,0.18176011684739,2.6469444444444,53,3963,0
1266,8142,0.18521047165852,2.7461111111111003,65,2757,0
1267,7886,0.13079770999921,2.9363888888889,62,2306,0
1268,7743,0.13310058077443,3.2797222222222,73,2549,0
1269,7707,0.054750658073534006,3.5194444444444,84,2212,0
1270,7726,0.030588852697706,3.8130555555556,90,2286,0
1271,7717,0.12998124134227002,3.7941666666667,80,2979,0
1272,10331,0.09100057249197198,3.6086111111111,90,3158,0
1273,10515,0.19464543002904006,3.3858333333333,84,2645,0
1274,10415,0.22178651521516,3.3336111111111,34,3161,0
1275,10387,0.22983578430825,3.3116666666667003,67,4460,0
1276,10471,0.298229429356,3.2616666666667005,74,2630,0
1277,10385,0.12923377484588,3.0044444444444003,44,2593,0
1278,10439,0.19609416059774,2.6741666666667,64,2625,0
1279,10516,0.040518533819385014,2.3191666666667,70,4834,0
1280,10587,0.07099894663641,2.0597222222222,96,4056,0
1281,10586,0.07584150637714701,2.0547222222222,110,5713,0
1282,10684,0.08180100127782801,2.1511111111111,68,3940,0
1283,10880,0.0,2.2602777777778,90,4414,0
1284,10830,0.0,2.2883333333333,90,5044,0
1285,10794,0.09140162014739303,2.3736111111111,69,3894,0
1286,10843,0.0,2.5869444444444,46,3993,0
1287,10805,0.0,2.6480555555556,74,4404,0
1288,10996,0.0,2.6077777777777995,68,4072,0
1289,11327,0.05363316840061,2.6069444444444,67,4182,0
1290,11090,0.26818151064716,2.6908333333333,51,3351,0
1291,10578,0.21887772653901,2.9019444444444003,39,4183,0
1292,10528,0.32371296573811,3.2711111111111,26,4068,0
1293,10475,0.12565805017257,3.5872222222222,25,8139,0
1294,10664,0.092277247744574,3.6913888888889,32,11000,0
1295,10513,0.077016875742983,3.6313888888889,17,2975,0
1296,9072,0.3714480797312501,3.5605555555556,19,2692,0
1297,9069,0.19332372237792,3.4402777777778,16,2502,0
1298,9089,0.06345811641554701,3.35,28,2510,0
1299,9027,0.2267121559473,3.3469444444444,24,2663,0
1300,8969,0.053072279964629,3.2708333333333,35,3575,0
1301,9073,0.13336345197744,3.2519444444444,49,2586,0
1302,8957,0.1252855094715,2.7311111111111,106,2908,0
1303,9126,0.096211952864224,2.3875,80,3530,0
1304,9122,0.096524467517755,2.0847222222222,90,2776,0
1305,9231,0.08924770147957402,2.0975,169,2962,0
1306,9368,0.11889606284162,2.1763888888889,98,3441,0
1307,9458,0.031429841710104,2.2327777777777995,92,4376,0
1308,9463,0.0,2.2725,91,3857,0
1309,9356,0.036512411627868,2.3202777777778,99,4685,0
1310,9340,0.0,2.5425,90,4585,0
1311,9340,0.0,2.5986111111111,126,3542,0
1312,9276,0.0,2.6319444444444,102,3370,0
1313,9611,0.10106696361212,2.5836111111111,132,3515,0
1314,9532,0.14854949043035,2.675,88,3793,0
1315,9156,0.08612162048398897,2.8522222222222,135,2954,0
1316,9222,0.16494200410492002,3.1302777777778,114,2627,0
1317,9282,0.28637713141253,3.4805555555556,35,2550,0
1318,9573,0.13206535647488,3.5994444444444,24,2480,0
1319,9333,0.27364025607799,3.5847222222222,44,2521,0
1320,9987,0.38382339961227,3.4963888888889,26,2860,0
1321,10133,0.08426242877623301,3.3825,37,3675,0
1322,10010,0.3290413568025901,3.2694444444444,45,2704,0
1323,10028,0.22632868808708,3.2322222222222,42,3121,0
1324,9984,0.17914189971361,3.1936111111111005,47,2603,0
1325,10041,0.30046815361859003,3.0536111111111004,34,3984,0
1326,10072,0.22650915594248,2.7819444444444,56,2537,0
1327,10025,0.0,2.4152777777778,87,3349,0
1328,10116,0.1223093269317,2.1569444444444,74,3958,0
1329,10232,0.1696074188221,2.1125,90,4243,0
1330,10516,0.0,2.1833333333333003,79,4159,0
1331,10449,0.028193633007367,2.205,97,5637,0
1332,10598,0.0,2.1697222222222,90,8142,0
1333,10337,0.0,2.3075,77,5713,0
1334,10469,0.097305232437507,2.4575,101,3668,0
1335,10426,0.11905908868379,2.6077777777777995,74,4307,0
1336,10531,0.11660374103282,2.6275,439,4354,0
1337,10875,0.060474297756584014,2.6144444444444,79,4262,0
1338,10494,0.22568442027805,2.6477777777777995,165,3446,0
1339,10195,0.14077736537045002,2.8594444444444003,139,2677,0
1340,9918,0.1924574892026,3.2675,56,4450,0
1341,9889,0.18922597300629,3.5136111111111004,102,3044,0
1342,9947,0.041593949118095004,3.5725,101,3428,0
1343,9977,0.2502095174271,3.6863888888889,41,2845,0
1344,10835,0.18663972932643,3.5636111111111,94,2781,0
1345,10765,0.07351854082400297,3.4127777777778,116,2743,0
1346,10656,0.081949111399618,3.295,94,4470,0
1347,10485,0.20148511394009,3.2666666666667004,89,2596,0
1348,10681,0.11515101921294,3.1933333333333,141,3249,0
1349,10852,0.07797276382811,3.0688888888889,167,2529,0
1350,10728,0.07244862879413201,2.8102777777778,148,2452,0
1351,10874,0.07310929970435699,2.42,105,2934,0
1352,10964,0.066868365737218,2.1358333333333,210,3159,0
1353,10984,0.05788512501593701,1.9916666666667,145,3974,0
1354,11055,0.09727414207464803,2.0947222222222,136,4305,0
1355,11233,0.033270317741558,2.1591666666667,126,5012,0
1356,11161,0.0,2.2377777777778,157,4455,0
1357,10966,0.038270957919533,2.2511111111111,105,4108,0
1358,11193,0.08728058888363299,2.4208333333333,114,4339,0
1359,11167,0.10536774813238,2.5241666666667,104,5056,0
1360,11367,0.1233991317089,2.5794444444444,69,5573,0
1361,51251,0.042565915766552,2.5936111111111,75,3366,1
1362,17953,0.23147422367229,2.6830555555556,73,2559,1
1363,170029,0.08983405162538903,2.8188888888889,74,1999,1
1364,10955,0.07464756469365201,2.9513888888888995,126,1993,0
1365,10984,0.099244104918934,3.2830555555556,67,1913,0
1366,10964,0.11535172009194,3.4819444444444,32,1760,0
1367,10980,0.21774881707852,3.5886111111111005,38,1890,0
1368,10852,0.1305066423559,3.4836111111111,34,2469,0
1369,10786,0.10054853030204,3.3955555555556,36,2133,0
1370,10841,0.02468393737575,3.2847222222222,26,3359,0
1371,10762,0.10018007414459,3.2383333333332995,74,3783,0
1372,10419,0.12522619841308,3.2188888888889,85,1809,0
1373,10467,0.11781887197077,2.9483333333333,67,2143,0
1374,10502,0.13417256350298,2.5855555555556,84,2567,0
1375,10519,0.07474686582090599,2.3005555555556003,1630,2176,0
1376,10579,0.13570963056519,2.0855555555556,1435,1929,0
1377,10502,0.076431907457478,1.9027777777778,857,2244,0
1378,10661,0.0,1.9411111111111,31,1810,0
1379,10818,0.1936428046839,2.0444444444444,500,2088,0
1380,10918,0.052826773889684014,2.1363888888889,53,2371,0
1381,10871,0.0,2.22,61,1843,0
1382,10796,0.054466597481213,2.3530555555556,158,2668,0
1383,10774,0.057459020289436,2.545,184,2309,0
1384,10898,0.28750562005936,2.6202777777778,91,1998,0
1385,11442,0.075538554674309,2.6847222222222,60,2480,0
1386,11113,0.08112608570492501,2.6591666666667004,107,2147,0
1387,10888,0.21563803296368,2.7863888888888995,5157,1802,0
1388,10894,0.095725002305685,3.0269444444444003,28,1789,0
1389,10888,0.17516056892320994,3.3227777777778,24,1999,0
1390,10896,0.32902836018586,3.6097222222222,21,2142,0
1391,10800,0.10216065221678,3.6805555555556,12,1904,0
1392,11000,0.19741931250852,3.6075,24,1876,0
1393,10985,0.10149107903671,3.4091666666667004,17,2434,0
1394,11017,0.17479255893624,3.3666666666667004,48,2472,0
1395,10863,0.034385029573777,3.3158333333333,41,1744,0
1396,10875,0.21988771218053,3.1622222222222,1088,2404,0
1397,10987,0.10149107903671,3.1086111111111,68,1971,0
1398,10778,0.10269981175445,2.6552777777778,2575,1713,0
1399,10957,0.11258759940039,2.2730555555556,4688,1765,0
1400,10832,0.13022351806001,2.0591666666667,477,3156,0
