,timestamp,value,label
0,2015-07-10 14:24:00,564,0
1,2015-07-10 14:38:00,730,0
2,2015-07-10 14:48:00,770,0
3,2015-07-10 15:03:00,910,0
4,2015-07-10 15:22:00,1035,0
5,2015-07-10 15:32:00,1065,0
6,2015-07-10 15:42:00,953,0
7,2015-07-10 15:52:00,1005,0
8,2015-07-10 16:02:00,996,0
9,2015-07-10 16:12:00,901,0
10,2015-07-10 16:22:00,939,0
11,2015-07-10 16:32:00,988,0
12,2015-07-10 16:42:00,1020,0
13,2015-07-10 16:52:00,876,0
14,2015-07-10 17:02:00,870,0
15,2015-07-10 17:12:00,809,0
16,2015-07-10 17:22:00,884,0
17,2015-07-10 17:32:00,926,0
18,2015-07-10 17:42:00,829,0
19,2015-07-10 18:02:00,712,0
20,2015-07-10 18:12:00,624,0
21,2015-07-10 18:22:00,632,0
22,2015-07-10 18:32:00,596,0
23,2015-07-10 18:42:00,510,0
24,2015-07-10 18:52:00,526,0
25,2015-07-10 19:32:00,99,0
26,2015-07-10 19:42:00,85,0
27,2015-07-10 20:02:00,85,0
28,2015-07-10 20:12:00,87,0
29,2015-07-10 20:22:00,93,0
30,2015-07-10 20:42:00,57,0
31,2015-07-10 21:32:00,101,0
32,2015-07-11 10:10:00,177,0
33,2015-07-11 10:30:00,221,0
34,2015-07-11 11:00:00,332,0
35,2015-07-11 11:10:00,338,0
36,2015-07-11 11:20:00,263,0
37,2015-07-11 11:30:00,304,0
38,2015-07-11 11:40:00,358,0
39,2015-07-11 11:50:00,385,0
40,2015-07-11 12:00:00,397,0
41,2015-07-11 12:10:00,426,0
42,2015-07-11 12:20:00,461,0
43,2015-07-11 12:28:00,418,0
44,2015-07-11 12:38:00,448,0
45,2015-07-11 12:43:00,432,0
46,2015-07-11 12:53:00,416,0
47,2015-07-11 12:57:00,425,0
48,2015-07-11 13:07:00,439,0
49,2015-07-11 13:09:00,423,0
50,2015-07-11 13:19:00,370,0
51,2015-07-11 13:29:00,404,0
52,2015-07-11 13:39:00,387,0
53,2015-07-11 14:41:00,185,0
54,2015-07-11 15:01:00,184,0
55,2015-07-11 16:53:00,104,0
56,2015-07-11 17:02:00,108,0
57,2015-07-11 17:13:00,121,0
58,2015-07-11 17:23:00,120,0
59,2015-07-11 17:33:00,127,0
60,2015-07-11 18:23:00,52,0
61,2015-07-12 10:56:00,93,0
62,2015-07-12 12:36:00,151,0
63,2015-07-12 12:46:00,161,0
64,2015-07-12 12:56:00,160,0
65,2015-07-12 13:36:00,177,0
66,2015-07-12 15:26:00,193,0
67,2015-07-12 19:13:00,119,0
68,2015-07-13 09:15:00,143,0
69,2015-07-13 09:45:00,151,0
70,2015-07-13 12:07:00,138,0
71,2015-07-13 12:37:00,143,0
72,2015-07-13 12:47:00,146,0
73,2015-07-13 14:37:00,173,0
74,2015-07-13 15:27:00,226,0
75,2015-07-13 15:57:00,206,0
76,2015-07-13 16:07:00,243,0
77,2015-07-13 16:27:00,238,0
78,2015-07-13 16:47:00,294,0
79,2015-07-13 17:07:00,226,0
80,2015-07-13 17:17:00,209,0
81,2015-07-13 17:57:00,222,0
82,2015-07-13 18:06:00,136,0
83,2015-07-13 18:46:00,129,0
84,2015-07-13 18:56:00,133,0
85,2015-07-14 09:10:00,182,0
86,2015-07-14 09:40:00,253,0
87,2015-07-14 09:50:00,218,0
88,2015-07-14 10:10:00,216,0
89,2015-07-14 10:20:00,203,0
90,2015-07-14 13:11:00,143,0
91,2015-07-14 14:01:00,103,0
92,2015-07-14 14:41:00,162,0
93,2015-07-14 14:51:00,180,0
94,2015-07-14 15:01:00,223,0
95,2015-07-14 15:11:00,282,0
96,2015-07-14 15:21:00,262,0
97,2015-07-14 15:51:00,289,0
98,2015-07-14 16:01:00,260,0
99,2015-07-14 16:09:00,271,0
100,2015-07-14 16:19:00,248,0
101,2015-07-14 16:25:00,234,0
102,2015-07-14 17:05:00,309,0
103,2015-07-14 17:07:00,319,0
104,2015-07-14 17:27:00,266,0
105,2015-07-14 17:57:00,207,0
106,2015-07-14 18:17:00,198,0
107,2015-07-14 18:47:00,223,0
108,2015-07-14 18:57:00,250,0
109,2015-07-14 19:17:00,193,0
110,2015-07-15 09:37:00,144,0
111,2015-07-15 11:37:00,121,0
112,2015-07-15 12:54:00,104,0
113,2015-07-15 14:54:00,161,0
114,2015-07-15 15:34:00,178,0
115,2015-07-15 16:14:00,161,0
116,2015-07-15 16:54:00,204,0
117,2015-07-15 17:04:00,195,0
118,2015-07-15 17:24:00,189,0
119,2015-07-15 17:44:00,214,0
120,2015-07-15 18:04:00,204,0
121,2015-07-15 18:34:00,220,0
122,2015-07-15 18:44:00,219,0
123,2015-07-16 11:44:00,154,0
124,2015-07-16 14:19:00,118,0
125,2015-07-16 14:29:00,124,0
126,2015-07-16 14:59:00,174,0
127,2015-07-16 15:09:00,232,0
128,2015-07-16 15:19:00,316,0
129,2015-07-16 15:29:00,340,0
130,2015-07-16 15:39:00,398,0
131,2015-07-16 15:49:00,401,0
132,2015-07-16 15:50:00,392,0
133,2015-07-16 16:09:00,349,0
134,2015-07-16 16:29:00,388,0
135,2015-07-16 16:39:00,345,0
136,2015-07-16 16:49:00,363,0
137,2015-07-16 16:59:00,516,0
138,2015-07-16 17:09:00,460,0
139,2015-07-16 17:19:00,411,0
140,2015-07-16 17:29:00,413,0
141,2015-07-16 17:39:00,331,0
142,2015-07-16 17:49:00,367,0
143,2015-07-16 17:59:00,330,0
144,2015-07-16 18:09:00,288,0
145,2015-07-16 18:19:00,293,0
146,2015-07-16 18:59:00,225,0
147,2015-07-16 19:19:00,226,0
148,2015-07-16 19:29:00,200,0
149,2015-07-16 19:49:00,203,0
150,2015-07-16 20:09:00,197,0
151,2015-07-17 18:11:00,1185,0
152,2015-07-17 18:21:00,1081,0
153,2015-07-17 18:31:00,1174,0
154,2015-07-17 18:45:00,1336,0
155,2015-07-17 18:55:00,1174,0
156,2015-07-17 19:05:00,839,0
157,2015-07-17 19:15:00,657,0
158,2015-07-17 19:25:00,507,0
159,2015-07-17 19:35:00,274,0
160,2015-07-17 19:45:00,241,0
161,2015-07-17 19:55:00,187,0
162,2015-07-17 20:05:00,165,0
163,2015-07-17 20:25:00,86,0
164,2015-07-17 20:55:00,93,0
165,2015-07-18 03:56:00,57,0
166,2015-07-18 04:56:00,93,0
167,2015-07-18 10:06:00,131,0
168,2015-07-18 10:16:00,123,0
169,2015-07-18 11:26:00,109,0
170,2015-07-18 11:46:00,118,0
171,2015-07-18 11:56:00,128,0
172,2015-07-18 12:36:00,246,0
173,2015-07-18 12:46:00,231,0
174,2015-07-18 13:46:00,309,0
175,2015-07-18 14:36:00,217,0
176,2015-07-18 16:26:00,87,0
177,2015-07-18 16:56:00,85,0
178,2015-07-18 17:16:00,79,0
179,2015-07-18 18:56:00,73,0
180,2015-07-18 19:16:00,92,0
181,2015-07-19 10:53:00,97,0
182,2015-07-19 11:25:00,96,0
183,2015-07-19 12:35:00,172,0
184,2015-07-19 12:45:00,179,0
185,2015-07-19 13:05:00,178,0
186,2015-07-19 13:25:00,183,0
187,2015-07-19 13:45:00,150,0
188,2015-07-19 14:55:00,174,0
189,2015-07-19 15:45:00,166,0
190,2015-07-19 16:35:00,161,0
191,2015-07-19 16:45:00,151,0
192,2015-07-19 16:55:00,169,0
193,2015-07-20 06:05:00,94,0
194,2015-07-20 06:15:00,99,0
195,2015-07-20 07:55:00,134,0
196,2015-07-20 09:55:00,152,0
197,2015-07-20 10:15:00,153,0
198,2015-07-20 10:55:00,132,0
199,2015-07-20 11:35:00,134,0
200,2015-07-20 11:51:00,141,0
201,2015-07-21 00:50:00,23,0
202,2015-07-21 01:00:00,21,0
203,2015-07-21 01:10:00,95,0
204,2015-07-21 01:20:00,90,0
205,2015-07-21 01:50:00,89,0
206,2015-07-21 03:00:00,90,0
207,2015-07-21 03:10:00,103,0
208,2015-07-21 03:30:00,67,0
209,2015-07-21 04:30:00,24,0
210,2015-07-21 04:40:00,53,0
211,2015-07-21 09:00:00,197,0
212,2015-07-21 09:10:00,202,0
213,2015-07-21 11:20:00,120,0
214,2015-07-21 13:20:00,139,0
215,2015-07-21 13:30:00,215,0
216,2015-07-21 13:40:00,196,0
217,2015-07-21 14:10:00,229,0
218,2015-07-21 14:20:00,173,0
219,2015-07-21 14:40:00,178,0
220,2015-07-21 14:50:00,198,0
221,2015-07-21 15:00:00,192,0
222,2015-07-21 15:30:00,316,0
223,2015-07-21 15:50:00,263,0
224,2015-07-21 16:00:00,250,0
225,2015-07-21 16:20:00,237,0
226,2015-07-21 16:30:00,302,0
227,2015-07-21 16:40:00,292,0
228,2015-07-21 17:00:00,318,0
229,2015-07-21 17:10:00,294,0
230,2015-07-21 17:20:00,245,0
231,2015-07-21 17:40:00,246,0
232,2015-07-21 18:00:00,252,0
233,2015-07-21 18:10:00,211,0
234,2015-07-21 18:30:00,218,0
235,2015-07-21 19:00:00,150,0
236,2015-07-22 00:04:00,87,0
237,2015-07-22 00:14:00,96,0
238,2015-07-22 01:44:00,56,0
239,2015-07-22 02:24:00,116,0
240,2015-07-22 03:44:00,95,0
241,2015-07-22 03:54:00,87,0
242,2015-07-22 04:14:00,86,0
243,2015-07-22 04:24:00,32,0
244,2015-07-22 04:34:00,28,0
245,2015-07-22 04:44:00,29,0
246,2015-07-22 04:54:00,12,0
247,2015-07-22 05:04:00,12,0
248,2015-07-22 05:14:00,12,0
249,2015-07-22 09:04:00,147,0
250,2015-07-22 09:14:00,140,0
251,2015-07-22 14:43:00,161,0
252,2015-07-22 14:53:00,183,0
253,2015-07-22 15:03:00,224,0
254,2015-07-22 15:43:00,325,0
255,2015-07-22 16:23:00,288,0
256,2015-07-22 16:33:00,263,0
257,2015-07-22 16:53:00,320,0
258,2015-07-22 17:03:00,365,0
259,2015-07-22 17:13:00,331,0
260,2015-07-22 17:23:00,316,0
261,2015-07-22 17:53:00,369,0
262,2015-07-22 18:03:00,303,0
263,2015-07-22 18:13:00,267,0
264,2015-07-22 18:23:00,232,0
265,2015-07-22 18:33:00,241,0
266,2015-07-22 19:03:00,237,0
267,2015-07-22 19:13:00,196,0
268,2015-07-22 19:23:00,137,0
269,2015-07-23 03:55:00,2858,0
270,2015-07-23 04:15:00,2781,0
271,2015-07-23 04:24:00,2891,0
272,2015-07-23 11:55:00,123,0
273,2015-07-23 12:05:00,236,0
274,2015-07-23 12:25:00,314,0
275,2015-07-23 14:35:00,256,0
276,2015-07-23 14:45:00,267,0
277,2015-07-23 14:55:00,275,0
278,2015-07-23 15:15:00,370,0
279,2015-07-23 15:35:00,362,0
280,2015-07-23 15:45:00,340,0
281,2015-07-23 15:55:00,320,0
282,2015-07-23 16:05:00,221,0
283,2015-07-23 16:15:00,265,0
284,2015-07-23 16:25:00,248,0
285,2015-07-23 16:55:00,316,0
286,2015-07-23 17:05:00,342,0
287,2015-07-23 17:15:00,321,0
288,2015-07-23 17:25:00,319,0
289,2015-07-23 17:45:00,335,0
290,2015-07-23 17:55:00,317,0
291,2015-07-23 18:15:00,328,0
292,2015-07-23 18:25:00,306,0
293,2015-07-23 18:35:00,305,0
294,2015-07-23 18:45:00,269,0
295,2015-07-23 18:55:00,273,0
296,2015-07-23 19:05:00,261,0
297,2015-07-23 19:15:00,238,0
298,2015-07-23 19:25:00,208,0
299,2015-07-23 23:35:00,105,0
300,2015-07-24 09:29:00,141,0
301,2015-07-24 10:08:00,144,0
302,2015-07-24 10:49:00,170,0
303,2015-07-24 11:19:00,167,0
304,2015-07-24 11:39:00,179,0
305,2015-07-24 11:49:00,178,0
306,2015-07-24 11:59:00,177,0
307,2015-07-24 12:09:00,203,0
308,2015-07-24 12:19:00,236,0
309,2015-07-24 12:29:00,258,0
310,2015-07-24 12:39:00,251,0
311,2015-07-24 12:44:00,265,0
312,2015-07-24 16:59:00,319,0
313,2015-07-24 17:09:00,287,0
314,2015-07-24 17:29:00,293,0
315,2015-07-24 17:59:00,211,0
316,2015-07-24 18:29:00,142,0
317,2015-07-24 18:39:00,176,0
318,2015-07-24 18:49:00,184,0
319,2015-07-24 18:59:00,201,0
320,2015-07-24 19:09:00,193,0
321,2015-07-24 19:19:00,157,0
322,2015-07-24 19:39:00,75,0
323,2015-07-24 19:49:00,116,0
324,2015-07-24 19:59:00,127,0
325,2015-07-24 20:09:00,98,0
326,2015-07-24 20:19:00,106,0
327,2015-07-24 20:29:00,126,0
328,2015-07-24 20:39:00,63,0
329,2015-07-24 20:59:00,91,0
330,2015-07-24 21:29:00,115,0
331,2015-07-24 21:39:00,112,0
332,2015-07-25 01:29:00,670,0
333,2015-07-25 05:39:00,2941,0
334,2015-07-25 05:59:00,2848,0
335,2015-07-25 06:03:00,2924,0
336,2015-07-25 09:34:00,213,0
337,2015-07-25 09:54:00,241,0
338,2015-07-25 10:04:00,260,0
339,2015-07-25 10:14:00,242,0
340,2015-07-25 10:54:00,250,0
341,2015-07-25 11:04:00,316,0
342,2015-07-25 11:14:00,325,0
343,2015-07-25 11:24:00,275,0
344,2015-07-25 11:34:00,283,0
345,2015-07-25 11:44:00,301,0
346,2015-07-25 11:54:00,373,0
347,2015-07-25 12:04:00,428,0
348,2015-07-25 12:14:00,407,0
349,2015-07-25 12:24:00,414,0
350,2015-07-25 12:34:00,438,0
351,2015-07-25 12:44:00,526,0
352,2015-07-25 12:54:00,478,0
353,2015-07-25 13:14:00,384,0
354,2015-07-25 13:24:00,374,0
355,2015-07-25 13:34:00,462,0
356,2015-07-25 13:54:00,398,0
357,2015-07-25 14:34:00,366,0
358,2015-07-25 14:44:00,311,0
359,2015-07-25 15:04:00,227,0
360,2015-07-25 16:14:00,148,0
361,2015-07-25 16:24:00,137,0
362,2015-07-25 16:34:00,144,0
363,2015-07-25 16:54:00,149,0
364,2015-07-25 17:04:00,126,0
365,2015-07-25 17:14:00,78,0
366,2015-07-25 17:34:00,95,0
367,2015-07-25 18:24:00,55,0
368,2015-07-25 18:34:00,57,0
369,2015-07-25 18:54:00,69,0
370,2015-07-25 19:04:00,88,0
371,2015-07-26 10:55:00,105,0
372,2015-07-26 11:25:00,107,0
373,2015-07-26 12:25:00,228,0
374,2015-07-26 12:35:00,249,0
375,2015-07-26 12:45:00,222,0
376,2015-07-26 12:55:00,133,0
377,2015-07-26 15:25:00,131,0
378,2015-07-26 19:15:00,126,0
379,2015-07-26 19:25:00,146,0
380,2015-07-27 07:46:00,117,0
381,2015-07-27 09:06:00,182,0
382,2015-07-27 09:26:00,146,0
383,2015-07-27 09:36:00,161,0
384,2015-07-27 09:46:00,193,0
385,2015-07-27 10:16:00,217,0
386,2015-07-27 10:26:00,187,0
387,2015-07-27 10:56:00,153,0
388,2015-07-27 11:26:00,161,0
389,2015-07-27 11:36:00,155,0
390,2015-07-27 11:56:00,213,0
391,2015-07-27 12:06:00,142,0
392,2015-07-27 12:16:00,196,0
393,2015-07-27 12:26:00,189,0
394,2015-07-27 12:56:00,187,0
395,2015-07-27 13:36:00,190,0
396,2015-07-27 13:46:00,184,0
397,2015-07-27 16:36:00,224,0
398,2015-07-27 17:06:00,322,0
399,2015-07-27 17:16:00,296,0
400,2015-07-27 17:26:00,274,0
401,2015-07-27 17:36:00,278,0
402,2015-07-27 18:06:00,172,0
403,2015-07-27 18:26:00,202,0
404,2015-07-27 18:36:00,214,0
405,2015-07-27 18:46:00,182,0
406,2015-07-27 18:56:00,179,0
407,2015-07-28 13:46:00,102,0
408,2015-07-28 13:56:00,95,0
409,2015-07-28 14:06:00,141,0
410,2015-07-28 14:26:00,136,0
411,2015-07-28 14:36:00,175,0
412,2015-07-28 14:46:00,187,0
413,2015-07-28 14:56:00,175,0
414,2015-07-28 15:26:00,211,0
415,2015-07-28 15:46:00,239,0
416,2015-07-28 15:56:00,251,0
417,2015-07-28 16:22:00,245,0
418,2015-07-28 16:23:00,241,0
419,2015-07-28 16:33:00,209,0
420,2015-07-28 16:43:00,223,0
421,2015-07-28 16:53:00,290,0
422,2015-07-28 17:03:00,272,0
423,2015-07-28 17:33:00,268,0
424,2015-07-28 17:53:00,228,0
425,2015-07-28 18:23:00,211,0
426,2015-07-29 10:13:00,157,0
427,2015-07-30 09:59:00,290,0
428,2015-07-30 12:29:00,2003,1
429,2015-07-30 12:59:00,188,0
430,2015-07-30 13:49:00,700,0
431,2015-07-30 13:59:00,556,0
432,2015-07-30 14:09:00,931,0
433,2015-07-30 14:19:00,117,0
434,2015-07-30 14:29:00,450,0
435,2015-07-30 14:39:00,221,0
436,2015-07-30 14:59:00,195,0
437,2015-07-30 15:09:00,243,0
438,2015-07-30 15:19:00,233,0
439,2015-07-30 15:39:00,274,0
440,2015-07-30 16:09:00,410,0
441,2015-07-30 16:19:00,414,0
442,2015-07-30 16:29:00,417,0
443,2015-07-30 16:39:00,820,0
444,2015-07-30 16:49:00,1010,0
445,2015-07-30 16:59:00,903,0
446,2015-07-30 17:09:00,965,0
447,2015-07-30 17:19:00,837,0
448,2015-07-30 17:21:00,897,0
449,2015-07-30 18:10:00,207,0
450,2015-07-30 18:30:00,199,0
451,2015-07-30 18:37:00,241,0
452,2015-07-30 21:09:00,292,0
453,2015-07-30 22:22:00,484,0
454,2015-07-31 03:11:00,91,0
455,2015-07-31 06:29:00,88,0
456,2015-07-31 06:37:00,91,0
457,2015-07-31 15:59:00,402,0
458,2015-07-31 16:09:00,534,0
459,2015-07-31 16:19:00,561,0
460,2015-07-31 16:29:00,584,0
461,2015-07-31 16:39:00,642,0
462,2015-07-31 16:49:00,593,0
463,2015-07-31 16:59:00,592,0
464,2015-07-31 17:09:00,625,0
465,2015-07-31 17:19:00,719,0
466,2015-07-31 17:29:00,810,0
467,2015-07-31 17:39:00,790,0
468,2015-07-31 17:41:00,789,0
469,2015-07-31 18:01:00,863,0
470,2015-07-31 18:11:00,722,0
471,2015-07-31 18:21:00,714,0
472,2015-07-31 18:31:00,860,0
473,2015-07-31 18:51:00,949,0
474,2015-07-31 19:01:00,1099,0
475,2015-07-31 19:11:00,718,0
476,2015-07-31 19:21:00,574,0
477,2015-07-31 19:31:00,570,0
478,2015-07-31 19:41:00,282,0
479,2015-07-31 19:51:00,288,0
480,2015-07-31 20:01:00,234,0
481,2015-07-31 20:11:00,149,0
482,2015-07-31 20:31:00,134,0
483,2015-07-31 20:41:00,87,0
484,2015-07-31 20:51:00,110,0
485,2015-07-31 21:01:00,108,0
486,2015-07-31 21:21:00,146,0
487,2015-07-31 21:31:00,174,0
488,2015-07-31 21:41:00,180,0
489,2015-07-31 22:11:00,182,0
490,2015-08-01 16:50:00,90,0
491,2015-08-01 17:00:00,89,0
492,2015-08-01 18:00:00,61,0
493,2015-08-01 18:20:00,49,0
494,2015-08-01 18:40:00,59,0
495,2015-08-01 18:50:00,68,0
496,2015-08-01 19:00:00,70,0
497,2015-08-02 10:56:00,94,0
498,2015-08-02 11:26:00,116,0
499,2015-08-02 11:36:00,171,0
500,2015-08-02 12:06:00,169,0
501,2015-08-02 18:57:00,99,0
502,2015-08-03 08:57:00,143,0
503,2015-08-03 09:07:00,149,0
504,2015-08-03 09:27:00,152,0
505,2015-08-03 09:37:00,165,0
506,2015-08-03 09:47:00,165,0
507,2015-08-03 09:57:00,160,0
508,2015-08-03 10:27:00,157,0
509,2015-08-03 10:37:00,183,0
510,2015-08-03 12:47:00,191,0
511,2015-08-03 13:07:00,179,0
512,2015-08-03 13:37:00,185,0
513,2015-08-03 14:48:00,248,0
514,2015-08-03 15:08:00,188,0
515,2015-08-03 15:28:00,215,0
516,2015-08-03 15:38:00,207,0
517,2015-08-03 15:58:00,284,0
518,2015-08-03 16:18:00,355,0
519,2015-08-03 16:38:00,337,0
520,2015-08-03 16:58:00,234,0
521,2015-08-03 17:08:00,169,0
522,2015-08-03 17:28:00,210,0
523,2015-08-03 17:38:00,260,0
524,2015-08-03 17:58:00,237,0
525,2015-08-03 18:08:00,193,0
526,2015-08-03 18:28:00,162,0
527,2015-08-04 08:28:00,132,0
528,2015-08-04 11:44:00,111,0
529,2015-08-04 13:44:00,159,0
530,2015-08-04 13:54:00,119,0
531,2015-08-04 14:14:00,215,0
532,2015-08-04 14:34:00,148,0
533,2015-08-04 14:44:00,185,0
534,2015-08-04 14:54:00,236,0
535,2015-08-04 15:04:00,267,0
536,2015-08-04 15:14:00,266,0
537,2015-08-04 15:24:00,354,0
538,2015-08-04 15:34:00,355,0
539,2015-08-04 15:44:00,374,0
540,2015-08-04 15:54:00,402,0
541,2015-08-04 16:04:00,460,0
542,2015-08-04 16:14:00,493,0
543,2015-08-04 16:24:00,548,0
544,2015-08-04 16:34:00,535,0
545,2015-08-04 16:54:00,681,0
546,2015-08-04 17:04:00,760,0
547,2015-08-04 17:14:00,763,0
548,2015-08-04 17:24:00,741,0
549,2015-08-04 17:34:00,776,0
550,2015-08-04 17:44:00,824,0
551,2015-08-04 17:54:00,919,0
552,2015-08-04 18:04:00,882,0
553,2015-08-04 18:14:00,809,0
554,2015-08-04 18:24:00,801,0
555,2015-08-04 18:31:00,662,0
556,2015-08-04 18:41:00,536,0
557,2015-08-04 18:51:00,366,0
558,2015-08-04 19:01:00,230,0
559,2015-08-04 19:11:00,157,0
560,2015-08-04 23:21:00,124,0
561,2015-08-04 23:41:00,151,0
562,2015-08-05 09:01:00,160,0
563,2015-08-05 09:11:00,139,0
564,2015-08-05 12:27:00,239,0
565,2015-08-05 12:47:00,152,0
566,2015-08-05 12:57:00,188,0
567,2015-08-05 13:27:00,297,0
568,2015-08-05 14:17:00,295,0
569,2015-08-05 14:27:00,319,0
570,2015-08-05 14:47:00,423,0
571,2015-08-05 14:57:00,364,0
572,2015-08-05 15:06:00,343,0
573,2015-08-05 15:27:00,344,0
574,2015-08-05 15:37:00,374,0
575,2015-08-05 15:47:00,308,0
576,2015-08-05 15:56:00,347,0
577,2015-08-05 16:07:00,282,0
578,2015-08-05 16:46:00,239,0
579,2015-08-05 16:56:00,264,0
580,2015-08-05 17:06:00,255,0
581,2015-08-05 17:16:00,240,0
582,2015-08-05 17:36:00,279,0
583,2015-08-05 17:46:00,288,0
584,2015-08-05 17:57:00,361,0
585,2015-08-05 18:26:00,258,0
586,2015-08-05 18:36:00,201,0
587,2015-08-05 18:46:00,198,0
588,2015-08-05 18:56:00,165,0
589,2015-08-05 19:06:00,145,0
590,2015-08-06 01:58:00,125,0
591,2015-08-06 15:08:00,200,0
592,2015-08-06 15:18:00,214,0
593,2015-08-06 15:38:00,297,0
594,2015-08-06 15:58:00,332,0
595,2015-08-06 16:08:00,379,0
596,2015-08-06 16:18:00,391,0
597,2015-08-06 16:28:00,277,0
598,2015-08-06 16:58:00,256,0
599,2015-08-06 17:08:00,318,0
600,2015-08-06 17:18:00,326,0
601,2015-08-06 17:38:00,342,0
602,2015-08-06 17:48:00,272,0
603,2015-08-06 18:18:00,173,0
604,2015-08-06 18:28:00,141,0
605,2015-08-06 18:48:00,153,0
606,2015-08-06 18:58:00,172,0
607,2015-08-06 19:28:00,171,0
608,2015-08-06 23:48:00,81,0
609,2015-08-07 05:40:00,99,0
610,2015-08-07 09:10:00,150,0
611,2015-08-07 09:20:00,173,0
612,2015-08-07 09:40:00,217,0
613,2015-08-07 10:00:00,330,0
614,2015-08-07 10:10:00,369,0
615,2015-08-07 10:40:00,521,0
616,2015-08-07 10:50:00,712,0
617,2015-08-07 11:00:00,648,0
618,2015-08-07 11:10:00,623,0
619,2015-08-07 11:20:00,615,0
620,2015-08-07 11:30:00,631,0
621,2015-08-07 11:40:00,612,0
622,2015-08-07 11:50:00,706,0
623,2015-08-07 12:00:00,685,0
624,2015-08-07 12:10:00,546,0
625,2015-08-07 12:30:00,628,0
626,2015-08-07 12:40:00,635,0
627,2015-08-07 12:50:00,736,0
628,2015-08-07 13:00:00,725,0
629,2015-08-07 13:10:00,773,0
630,2015-08-07 13:20:00,587,0
631,2015-08-07 13:30:00,701,0
632,2015-08-07 13:40:00,819,0
633,2015-08-07 13:50:00,832,0
634,2015-08-07 14:00:00,911,0
635,2015-08-07 14:10:00,943,0
636,2015-08-07 14:20:00,948,0
637,2015-08-07 14:30:00,796,0
638,2015-08-07 14:40:00,709,0
639,2015-08-07 14:50:00,613,0
640,2015-08-07 15:00:00,683,0
641,2015-08-07 15:10:00,689,0
642,2015-08-07 15:20:00,800,0
643,2015-08-07 15:50:00,826,0
644,2015-08-07 16:07:00,617,0
645,2015-08-07 16:17:00,636,0
646,2015-08-07 16:27:00,707,0
647,2015-08-07 16:37:00,762,0
648,2015-08-07 16:47:00,615,0
649,2015-08-07 16:57:00,540,0
650,2015-08-07 17:07:00,601,0
651,2015-08-07 17:17:00,742,0
652,2015-08-07 17:27:00,611,0
653,2015-08-07 17:37:00,577,0
654,2015-08-07 17:47:00,571,0
655,2015-08-07 18:17:00,342,0
656,2015-08-07 18:37:00,295,0
657,2015-08-07 18:47:00,269,0
658,2015-08-07 18:57:00,200,0
659,2015-08-07 19:37:00,101,0
660,2015-08-07 19:47:00,189,0
661,2015-08-07 19:57:00,137,0
662,2015-08-07 20:07:00,118,0
663,2015-08-07 20:17:00,138,0
664,2015-08-07 20:27:00,145,0
665,2015-08-07 20:37:00,120,0
666,2015-08-07 20:47:00,130,0
667,2015-08-07 21:17:00,109,0
668,2015-08-07 21:37:00,110,0
669,2015-08-07 23:47:00,85,0
670,2015-08-08 03:58:00,62,0
671,2015-08-08 08:48:00,175,0
672,2015-08-08 09:08:00,201,0
673,2015-08-08 09:28:00,185,0
674,2015-08-08 09:38:00,231,0
675,2015-08-08 09:48:00,255,0
676,2015-08-08 09:58:00,267,0
677,2015-08-08 10:08:00,280,0
678,2015-08-08 10:18:00,279,0
679,2015-08-08 11:08:00,345,0
680,2015-08-08 11:18:00,240,0
681,2015-08-08 11:28:00,241,0
682,2015-08-08 11:38:00,247,0
683,2015-08-08 11:58:00,279,0
684,2015-08-08 12:38:00,251,0
685,2015-08-08 13:18:00,275,0
686,2015-08-08 13:28:00,296,0
687,2015-08-08 13:58:00,355,0
688,2015-08-08 14:28:00,289,0
689,2015-08-08 14:38:00,278,0
690,2015-08-08 14:48:00,167,0
691,2015-08-08 14:58:00,122,0
692,2015-08-08 15:38:00,152,0
693,2015-08-08 16:53:00,86,0
694,2015-08-08 17:03:00,81,0
695,2015-08-08 17:23:00,88,0
696,2015-08-08 17:33:00,102,0
697,2015-08-08 17:43:00,93,0
698,2015-08-08 17:53:00,65,0
699,2015-08-08 18:13:00,58,0
700,2015-08-08 18:23:00,54,0
701,2015-08-08 18:33:00,60,0
702,2015-08-08 18:43:00,56,0
703,2015-08-08 19:13:00,95,0
704,2015-08-09 02:33:00,92,0
705,2015-08-09 10:53:00,113,0
706,2015-08-09 11:23:00,156,0
707,2015-08-09 12:13:00,159,0
708,2015-08-09 12:23:00,149,0
709,2015-08-09 12:53:00,195,0
710,2015-08-09 13:23:00,182,0
711,2015-08-09 13:33:00,211,0
712,2015-08-09 13:53:00,162,0
713,2015-08-09 15:03:00,134,0
714,2015-08-09 17:28:00,98,0
715,2015-08-10 08:28:00,130,0
716,2015-08-10 08:48:00,158,0
717,2015-08-10 09:08:00,173,0
718,2015-08-10 09:28:00,161,0
719,2015-08-10 09:38:00,219,0
720,2015-08-10 09:58:00,164,0
721,2015-08-10 10:08:00,160,0
722,2015-08-10 11:58:00,135,0
723,2015-08-10 12:08:00,129,0
724,2015-08-10 12:18:00,174,0
725,2015-08-10 12:38:00,191,0
726,2015-08-10 12:58:00,280,0
727,2015-08-10 13:08:00,228,0
728,2015-08-10 13:28:00,411,0
729,2015-08-10 13:38:00,439,0
730,2015-08-10 13:48:00,430,0
731,2015-08-10 14:08:00,321,0
732,2015-08-10 14:18:00,204,0
733,2015-08-10 14:38:00,168,0
734,2015-08-10 14:58:00,168,0
735,2015-08-10 15:08:00,235,0
736,2015-08-10 15:28:00,229,0
737,2015-08-10 15:38:00,353,0
738,2015-08-10 15:48:00,383,0
739,2015-08-10 15:58:00,418,0
740,2015-08-10 16:08:00,382,0
741,2015-08-10 16:18:00,291,0
742,2015-08-10 16:38:00,284,0
743,2015-08-10 16:48:00,289,0
744,2015-08-10 16:58:00,252,0
745,2015-08-10 17:07:00,188,0
746,2015-08-10 17:17:00,183,0
747,2015-08-10 17:27:00,184,0
748,2015-08-10 17:37:00,233,0
749,2015-08-10 17:47:00,227,0
750,2015-08-10 17:57:00,205,0
751,2015-08-10 18:07:00,156,0
752,2015-08-10 18:23:00,141,0
753,2015-08-10 18:33:00,159,0
754,2015-08-10 18:53:00,132,0
755,2015-08-10 20:03:00,158,0
756,2015-08-10 21:13:00,104,0
757,2015-08-11 11:42:00,124,0
758,2015-08-11 13:52:00,97,0
759,2015-08-11 14:22:00,160,0
760,2015-08-11 14:32:00,186,0
761,2015-08-11 14:42:00,193,0
762,2015-08-11 15:03:00,277,0
763,2015-08-11 15:06:00,263,0
764,2015-08-11 16:02:00,196,0
765,2015-08-11 16:42:00,193,0
766,2015-08-11 16:52:00,282,0
767,2015-08-11 17:02:00,254,0
768,2015-08-11 17:22:00,243,0
769,2015-08-11 17:32:00,282,0
770,2015-08-11 18:12:00,250,0
771,2015-08-11 18:22:00,280,0
772,2015-08-11 18:32:00,240,0
773,2015-08-12 10:13:00,191,0
774,2015-08-12 11:23:00,166,0
775,2015-08-12 11:33:00,157,0
776,2015-08-12 11:42:00,159,0
777,2015-08-12 11:52:00,152,0
778,2015-08-12 14:42:00,134,0
779,2015-08-12 14:52:00,150,0
780,2015-08-12 15:12:00,160,0
781,2015-08-12 15:22:00,218,0
782,2015-08-12 15:32:00,293,0
783,2015-08-12 15:53:00,336,0
784,2015-08-12 16:02:00,315,0
785,2015-08-12 16:12:00,332,0
786,2015-08-12 16:22:00,353,0
787,2015-08-12 16:32:00,306,0
788,2015-08-12 16:52:00,405,0
789,2015-08-12 17:12:00,392,0
790,2015-08-12 17:22:00,413,0
791,2015-08-12 17:32:00,448,0
792,2015-08-12 17:42:00,399,0
793,2015-08-12 17:52:00,404,0
794,2015-08-12 18:02:00,430,0
795,2015-08-12 18:12:00,370,0
796,2015-08-12 18:42:00,253,0
797,2015-08-12 18:52:00,225,0
798,2015-08-12 19:02:00,172,0
799,2015-08-12 19:12:00,149,0
800,2015-08-12 19:22:00,123,0
801,2015-08-12 21:27:00,164,0
802,2015-08-13 10:07:00,126,0
803,2015-08-13 10:37:00,146,0
804,2015-08-13 10:57:00,146,0
805,2015-08-13 14:17:00,175,0
806,2015-08-13 14:27:00,153,0
807,2015-08-13 15:07:00,180,0
808,2015-08-13 15:17:00,225,0
809,2015-08-13 15:37:00,270,0
810,2015-08-13 15:47:00,390,0
811,2015-08-13 16:07:00,415,0
812,2015-08-13 16:17:00,426,0
813,2015-08-13 16:27:00,392,0
814,2015-08-13 16:37:00,491,0
815,2015-08-13 16:47:00,525,0
816,2015-08-13 16:57:00,596,0
817,2015-08-13 17:07:00,466,0
818,2015-08-13 17:17:00,505,0
819,2015-08-13 17:27:00,531,0
820,2015-08-13 17:37:00,492,0
821,2015-08-13 17:47:00,513,0
822,2015-08-13 17:57:00,399,0
823,2015-08-13 18:07:00,369,0
824,2015-08-13 18:37:00,339,0
825,2015-08-13 18:47:00,319,0
826,2015-08-13 18:57:00,290,0
827,2015-08-13 19:07:00,324,0
828,2015-08-13 19:17:00,324,0
829,2015-08-13 19:27:00,323,0
830,2015-08-13 23:47:00,77,0
831,2015-08-13 23:57:00,79,0
832,2015-08-14 08:17:00,151,0
833,2015-08-14 09:17:00,134,0
834,2015-08-14 09:27:00,147,0
835,2015-08-14 09:37:00,147,0
836,2015-08-14 09:47:00,144,0
837,2015-08-14 09:57:00,171,0
838,2015-08-14 10:47:00,163,0
839,2015-08-14 10:57:00,166,0
840,2015-08-14 11:17:00,169,0
841,2015-08-14 11:27:00,172,0
842,2015-08-14 11:37:00,191,0
843,2015-08-14 11:47:00,180,0
844,2015-08-14 12:07:00,221,0
845,2015-08-14 12:17:00,177,0
846,2015-08-14 12:27:00,207,0
847,2015-08-14 12:37:00,211,0
848,2015-08-14 12:47:00,284,0
849,2015-08-14 12:57:00,223,0
850,2015-08-14 13:07:00,208,0
851,2015-08-14 13:37:00,245,0
852,2015-08-14 13:47:00,217,0
853,2015-08-14 14:07:00,270,0
854,2015-08-14 14:17:00,254,0
855,2015-08-14 14:37:00,303,0
856,2015-08-14 14:47:00,315,0
857,2015-08-14 14:57:00,337,0
858,2015-08-14 15:07:00,377,0
859,2015-08-14 15:17:00,392,0
860,2015-08-14 15:37:00,449,0
861,2015-08-14 15:47:00,429,0
862,2015-08-14 15:57:00,533,0
863,2015-08-14 16:07:00,521,0
864,2015-08-14 16:17:00,699,0
865,2015-08-14 16:27:00,499,0
866,2015-08-14 16:37:00,692,0
867,2015-08-14 16:47:00,575,0
868,2015-08-14 16:57:00,489,0
869,2015-08-14 17:07:00,606,0
870,2015-08-14 17:17:00,620,0
871,2015-08-14 17:27:00,610,0
872,2015-08-14 17:37:00,575,0
873,2015-08-14 17:47:00,505,0
874,2015-08-14 17:57:00,491,0
875,2015-08-14 18:07:00,440,0
876,2015-08-14 18:27:00,331,0
877,2015-08-14 18:37:00,335,0
878,2015-08-14 18:47:00,388,0
879,2015-08-14 18:57:00,296,0
880,2015-08-14 19:07:00,234,0
881,2015-08-14 19:17:00,191,0
882,2015-08-14 19:27:00,179,0
883,2015-08-14 19:37:00,129,0
884,2015-08-14 19:47:00,115,0
885,2015-08-14 20:07:00,89,0
886,2015-08-14 20:17:00,88,0
887,2015-08-14 20:27:00,94,0
888,2015-08-14 20:37:00,61,0
889,2015-08-14 20:47:00,93,0
890,2015-08-14 21:32:00,113,0
891,2015-08-14 21:42:00,104,0
892,2015-08-14 23:52:00,84,0
893,2015-08-15 01:32:00,96,0
894,2015-08-15 03:53:00,60,0
895,2015-08-15 09:13:00,126,0
896,2015-08-15 10:03:00,139,0
897,2015-08-15 10:13:00,117,0
898,2015-08-15 10:43:00,155,0
899,2015-08-15 11:23:00,173,0
900,2015-08-15 11:33:00,200,0
901,2015-08-15 11:43:00,205,0
902,2015-08-15 11:53:00,222,0
903,2015-08-15 12:23:00,270,0
904,2015-08-15 12:33:00,255,0
905,2015-08-15 12:53:00,251,0
906,2015-08-15 13:03:00,257,0
907,2015-08-15 13:23:00,224,0
908,2015-08-15 13:33:00,225,0
909,2015-08-15 14:03:00,195,0
910,2015-08-15 14:23:00,165,0
911,2015-08-15 15:03:00,189,0
912,2015-08-15 15:13:00,167,0
913,2015-08-15 16:23:00,111,0
914,2015-08-15 16:53:00,114,0
915,2015-08-15 17:13:00,86,0
916,2015-08-15 17:23:00,104,0
917,2015-08-15 17:33:00,117,0
918,2015-08-15 17:53:00,61,0
919,2015-08-15 18:23:00,52,0
920,2015-08-15 18:33:00,58,0
921,2015-08-15 18:43:00,67,0
922,2015-08-15 18:53:00,72,0
923,2015-08-15 22:18:00,106,0
924,2015-08-16 10:58:00,103,0
925,2015-08-16 12:38:00,165,0
926,2015-08-16 12:48:00,154,0
927,2015-08-16 12:58:00,170,0
928,2015-08-16 14:58:00,132,0
929,2015-08-16 15:18:00,152,0
930,2015-08-16 15:28:00,179,0
931,2015-08-16 15:38:00,207,0
932,2015-08-16 15:48:00,201,0
933,2015-08-16 16:48:00,109,0
934,2015-08-17 08:21:00,136,0
935,2015-08-17 08:31:00,120,0
936,2015-08-17 08:51:00,139,0
937,2015-08-17 09:30:00,231,0
938,2015-08-17 09:41:00,300,0
939,2015-08-17 10:01:00,402,0
940,2015-08-17 10:21:00,462,0
941,2015-08-17 10:31:00,501,0
942,2015-08-17 10:41:00,494,0
943,2015-08-17 10:51:00,619,0
944,2015-08-17 11:01:00,688,0
945,2015-08-17 11:11:00,796,0
946,2015-08-17 11:20:00,979,0
947,2015-08-17 11:30:00,908,0
948,2015-08-17 11:51:00,989,0
949,2015-08-17 12:11:00,1022,0
950,2015-08-17 12:20:00,1035,0
951,2015-08-17 12:40:00,843,0
952,2015-08-17 13:00:00,943,0
953,2015-08-17 13:40:00,1061,0
954,2015-08-17 13:41:00,1056,0
955,2015-08-17 14:20:00,1009,0
956,2015-08-17 14:30:00,904,0
957,2015-08-17 14:43:00,1098,0
958,2015-08-17 15:30:00,440,0
959,2015-08-17 15:41:00,397,0
960,2015-08-17 15:50:00,358,0
961,2015-08-17 16:01:00,317,0
962,2015-08-17 16:30:00,247,0
963,2015-08-17 16:40:00,219,0
964,2015-08-17 16:50:00,220,0
965,2015-08-17 17:00:00,209,0
966,2015-08-17 17:10:00,185,0
967,2015-08-17 17:30:00,181,0
968,2015-08-17 17:42:00,210,0
969,2015-08-18 09:04:00,129,0
970,2015-08-18 10:54:00,204,0
971,2015-08-18 11:24:00,208,0
972,2015-08-18 11:34:00,215,0
973,2015-08-18 11:44:00,208,0
974,2015-08-18 12:14:00,275,0
975,2015-08-18 12:24:00,250,0
976,2015-08-18 12:34:00,264,0
977,2015-08-18 12:44:00,241,0
978,2015-08-18 13:14:00,262,0
979,2015-08-18 13:54:00,140,0
980,2015-08-18 14:14:00,263,0
981,2015-08-18 14:24:00,240,0
982,2015-08-18 14:34:00,271,0
983,2015-08-18 14:54:00,444,0
984,2015-08-18 15:14:00,273,0
985,2015-08-18 15:24:00,231,0
986,2015-08-18 15:44:00,157,0
987,2015-08-18 15:54:00,149,0
988,2015-08-18 16:13:00,141,0
989,2015-08-18 16:26:00,5059,1
990,2015-08-18 16:46:00,162,0
991,2015-08-18 16:56:00,229,0
992,2015-08-18 17:06:00,203,0
993,2015-08-18 17:16:00,221,0
994,2015-08-18 17:26:00,222,0
995,2015-08-18 17:36:00,273,0
996,2015-08-18 17:46:00,330,0
997,2015-08-18 17:56:00,406,0
998,2015-08-18 18:06:00,366,0
999,2015-08-18 18:16:00,397,0
1000,2015-08-18 18:26:00,338,0
1001,2015-08-18 18:36:00,315,0
1002,2015-08-18 18:46:00,300,0
1003,2015-08-18 18:56:00,194,0
1004,2015-08-19 06:46:00,137,0
1005,2015-08-19 06:56:00,258,0
1006,2015-08-19 09:16:00,118,0
1007,2015-08-19 12:56:00,107,0
1008,2015-08-19 15:09:00,195,0
1009,2015-08-19 16:06:00,182,0
1010,2015-08-19 16:16:00,168,0
1011,2015-08-19 16:46:00,219,0
1012,2015-08-19 17:06:00,319,0
1013,2015-08-19 17:16:00,272,0
1014,2015-08-19 17:26:00,301,0
1015,2015-08-19 17:36:00,412,0
1016,2015-08-19 17:46:00,409,0
1017,2015-08-19 18:06:00,466,0
1018,2015-08-19 18:16:00,395,0
1019,2015-08-19 18:26:00,308,0
1020,2015-08-19 18:36:00,281,0
1021,2015-08-19 18:46:00,210,0
1022,2015-08-19 18:56:00,176,0
1023,2015-08-19 19:06:00,202,0
1024,2015-08-19 19:26:00,141,0
1025,2015-08-19 22:36:00,238,0
1026,2015-08-19 22:46:00,260,0
1027,2015-08-19 22:56:00,268,0
1028,2015-08-19 23:06:00,255,0
1029,2015-08-19 23:16:00,211,0
1030,2015-08-20 01:54:00,121,0
1031,2015-08-20 06:34:00,144,0
1032,2015-08-20 06:44:00,210,0
1033,2015-08-20 07:04:00,418,0
1034,2015-08-20 10:44:00,123,0
1035,2015-08-20 11:54:00,142,0
1036,2015-08-20 12:44:00,145,0
1037,2015-08-20 14:24:00,202,0
1038,2015-08-20 14:34:00,151,0
1039,2015-08-20 14:44:00,148,0
1040,2015-08-20 15:04:00,172,0
1041,2015-08-20 15:14:00,242,0
1042,2015-08-20 15:24:00,236,0
1043,2015-08-20 15:34:00,306,0
1044,2015-08-20 15:44:00,359,0
1045,2015-08-20 15:54:00,422,0
1046,2015-08-20 16:04:00,645,0
1047,2015-08-20 16:14:00,853,0
1048,2015-08-20 16:24:00,767,0
1049,2015-08-20 16:34:00,958,0
1050,2015-08-20 16:44:00,973,0
1051,2015-08-20 16:54:00,1108,0
1052,2015-08-20 17:04:00,1034,0
1053,2015-08-20 17:14:00,1149,0
1054,2015-08-20 17:24:00,1261,0
1055,2015-08-20 17:34:00,1143,0
1056,2015-08-20 17:44:00,1108,0
1057,2015-08-20 17:54:00,917,0
1058,2015-08-20 18:04:00,555,0
1059,2015-08-20 18:24:00,366,0
1060,2015-08-20 18:34:00,502,0
1061,2015-08-20 18:44:00,350,0
1062,2015-08-20 18:54:00,397,0
1063,2015-08-20 19:04:00,280,0
1064,2015-08-20 19:14:00,255,0
1065,2015-08-20 23:35:00,102,0
1066,2015-08-20 23:45:00,93,0
1067,2015-08-20 23:55:00,86,0
1068,2015-08-21 09:08:00,127,0
1069,2015-08-21 09:18:00,137,0
1070,2015-08-21 09:28:00,133,0
1071,2015-08-21 09:38:00,154,0
1072,2015-08-21 09:58:00,158,0
1073,2015-08-21 10:48:00,200,0
1074,2015-08-21 10:58:00,188,0
1075,2015-08-21 11:08:00,183,0
1076,2015-08-21 11:38:00,291,0
1077,2015-08-21 11:48:00,283,0
1078,2015-08-21 11:58:00,302,0
1079,2015-08-21 12:08:00,257,0
1080,2015-08-21 12:18:00,292,0
1081,2015-08-21 12:28:00,289,0
1082,2015-08-21 12:38:00,250,0
1083,2015-08-21 12:48:00,264,0
1084,2015-08-21 12:58:00,241,0
1085,2015-08-21 13:08:00,247,0
1086,2015-08-21 13:18:00,234,0
1087,2015-08-21 13:28:00,283,0
1088,2015-08-21 13:38:00,306,0
1089,2015-08-21 14:08:00,360,0
1090,2015-08-21 14:18:00,386,0
1091,2015-08-21 14:48:00,480,0
1092,2015-08-21 14:58:00,519,0
1093,2015-08-21 15:08:00,447,0
1094,2015-08-21 15:28:00,555,0
1095,2015-08-21 15:58:00,632,0
1096,2015-08-21 16:08:00,645,0
1097,2015-08-21 16:18:00,676,0
1098,2015-08-21 16:28:00,651,0
1099,2015-08-21 16:38:00,723,0
1100,2015-08-21 16:48:00,583,0
1101,2015-08-21 16:58:00,572,0
1102,2015-08-21 17:08:00,610,0
1103,2015-08-21 17:18:00,666,0
1104,2015-08-21 17:28:00,587,0
1105,2015-08-21 17:38:00,581,0
1106,2015-08-21 17:58:00,444,0
1107,2015-08-21 18:08:00,539,0
1108,2015-08-21 18:18:00,673,0
1109,2015-08-21 18:48:00,774,0
1110,2015-08-21 18:58:00,757,0
1111,2015-08-21 19:08:00,747,0
1112,2015-08-21 19:18:00,640,0
1113,2015-08-21 19:28:00,709,0
1114,2015-08-21 19:38:00,591,0
1115,2015-08-21 19:48:00,536,0
1116,2015-08-21 19:58:00,340,0
1117,2015-08-21 20:08:00,199,0
1118,2015-08-21 20:18:00,139,0
1119,2015-08-21 20:28:00,96,0
1120,2015-08-21 20:38:00,60,0
1121,2015-08-21 20:48:00,92,0
1122,2015-08-21 20:58:00,88,0
1123,2015-08-21 21:38:00,103,0
1124,2015-08-21 22:08:00,147,0
1125,2015-08-21 22:18:00,202,0
1126,2015-08-21 22:48:00,492,0
1127,2015-08-21 22:58:00,563,0
1128,2015-08-21 23:08:00,565,0
1129,2015-08-21 23:18:00,560,0
1130,2015-08-21 23:48:00,217,0
1131,2015-08-21 23:58:00,211,0
1132,2015-08-22 00:08:00,181,0
1133,2015-08-22 00:18:00,143,0
1134,2015-08-22 00:28:00,131,0
1135,2015-08-22 03:49:00,64,0
1136,2015-08-22 03:59:00,63,0
1137,2015-08-22 04:49:00,108,0
1138,2015-08-22 07:09:00,190,0
1139,2015-08-22 07:29:00,315,0
1140,2015-08-22 07:39:00,379,0
1141,2015-08-22 07:49:00,442,0
1142,2015-08-22 07:59:00,617,0
1143,2015-08-22 08:19:00,267,0
1144,2015-08-22 08:29:00,240,0
1145,2015-08-22 08:39:00,246,0
1146,2015-08-22 08:59:00,305,0
1147,2015-08-22 09:09:00,382,0
1148,2015-08-22 09:19:00,404,0
1149,2015-08-22 09:29:00,364,0
1150,2015-08-22 09:39:00,365,0
1151,2015-08-22 09:59:00,376,0
1152,2015-08-22 10:09:00,340,0
1153,2015-08-22 10:20:00,282,0
1154,2015-08-22 11:24:00,301,0
1155,2015-08-22 12:37:00,463,0
1156,2015-08-22 13:19:00,350,0
1157,2015-08-22 13:29:00,289,0
1158,2015-08-22 13:59:00,318,0
1159,2015-08-22 14:09:00,274,0
1160,2015-08-22 14:19:00,233,0
1161,2015-08-22 14:49:00,130,0
1162,2015-08-22 14:59:00,132,0
1163,2015-08-22 16:49:00,88,0
1164,2015-08-22 16:59:00,94,0
1165,2015-08-23 17:28:00,104,0
1166,2015-08-23 19:48:00,94,0
1167,2015-08-24 07:53:00,110,0
1168,2015-08-24 08:23:00,113,0
1169,2015-08-24 09:13:00,167,0
1170,2015-08-24 09:33:00,176,0
1171,2015-08-24 09:43:00,192,0
1172,2015-08-24 10:13:00,174,0
1173,2015-08-24 10:23:00,171,0
1174,2015-08-24 11:13:00,177,0
1175,2015-08-24 11:33:00,198,0
1176,2015-08-24 12:13:00,173,0
1177,2015-08-24 12:33:00,142,0
1178,2015-08-24 12:43:00,145,0
1179,2015-08-24 12:53:00,141,0
1180,2015-08-24 13:13:00,181,0
1181,2015-08-24 13:53:00,175,0
1182,2015-08-24 14:03:00,179,0
1183,2015-08-24 14:13:00,161,0
1184,2015-08-24 14:33:00,160,0
1185,2015-08-24 14:43:00,164,0
1186,2015-08-24 15:03:00,217,0
1187,2015-08-24 15:13:00,271,0
1188,2015-08-24 15:23:00,300,0
1189,2015-08-24 15:33:00,278,0
1190,2015-08-24 15:43:00,304,0
1191,2015-08-24 16:03:00,313,0
1192,2015-08-24 16:13:00,257,0
1193,2015-08-24 16:23:00,271,0
1194,2015-08-24 16:33:00,326,0
1195,2015-08-24 16:43:00,349,0
1196,2015-08-24 16:53:00,349,0
1197,2015-08-24 17:03:00,367,0
1198,2015-08-24 17:13:00,487,0
1199,2015-08-24 17:23:00,644,0
1200,2015-08-24 17:33:00,948,0
1201,2015-08-24 17:53:00,1000,0
1202,2015-08-24 18:03:00,955,0
1203,2015-08-24 18:13:00,925,0
1204,2015-08-24 18:23:00,1091,0
1205,2015-08-24 18:33:00,1140,0
1206,2015-08-24 18:43:00,766,0
1207,2015-08-24 18:53:00,403,0
1208,2015-08-24 19:03:00,225,0
1209,2015-08-24 19:13:00,148,0
1210,2015-08-24 21:03:00,98,0
1211,2015-08-24 21:13:00,92,0
1212,2015-08-25 10:43:00,130,0
1213,2015-08-25 11:33:00,105,0
1214,2015-08-25 11:43:00,114,0
1215,2015-08-25 13:03:00,138,0
1216,2015-08-25 13:13:00,125,0
1217,2015-08-25 13:53:00,93,0
1218,2015-08-25 14:03:00,138,0
1219,2015-08-25 14:13:00,202,0
1220,2015-08-25 14:33:00,156,0
1221,2015-08-25 14:43:00,218,0
1222,2015-08-25 14:52:00,233,0
1223,2015-08-25 15:03:00,178,0
1224,2015-08-25 15:13:00,195,0
1225,2015-08-25 15:23:00,223,0
1226,2015-08-25 15:33:00,275,0
1227,2015-08-25 15:43:00,341,0
1228,2015-08-25 16:03:00,379,0
1229,2015-08-25 16:13:00,266,0
1230,2015-08-25 16:23:00,321,0
1231,2015-08-25 16:33:00,320,0
1232,2015-08-25 16:43:00,290,0
1233,2015-08-25 16:53:00,277,0
1234,2015-08-25 17:13:00,166,0
1235,2015-08-25 17:23:00,186,0
1236,2015-08-25 17:33:00,241,0
1237,2015-08-25 17:43:00,245,0
1238,2015-08-25 17:53:00,275,0
1239,2015-08-25 18:03:00,258,0
1240,2015-08-25 18:13:00,290,0
1241,2015-08-25 22:34:00,119,0
1242,2015-08-26 09:41:00,265,0
1243,2015-08-26 10:01:00,432,0
1244,2015-08-26 10:11:00,409,0
1245,2015-08-26 10:21:00,431,0
1246,2015-08-26 10:31:00,438,0
1247,2015-08-26 10:51:00,446,0
1248,2015-08-26 11:01:00,397,0
1249,2015-08-26 11:11:00,389,0
1250,2015-08-26 11:41:00,390,0
1251,2015-08-26 11:51:00,344,0
1252,2015-08-26 12:01:00,359,0
1253,2015-08-26 12:11:00,326,0
1254,2015-08-26 12:21:00,269,0
1255,2015-08-26 12:41:00,296,0
1256,2015-08-26 12:51:00,284,0
1257,2015-08-26 13:01:00,281,0
1258,2015-08-26 13:21:00,357,0
1259,2015-08-26 13:31:00,400,0
1260,2015-08-26 13:41:00,437,0
1261,2015-08-26 13:51:00,363,0
1262,2015-08-26 14:01:00,340,0
1263,2015-08-26 14:11:00,357,0
1264,2015-08-26 14:21:00,352,0
1265,2015-08-26 14:51:00,249,0
1266,2015-08-26 15:01:00,219,0
1267,2015-08-26 15:11:00,235,0
1268,2015-08-26 15:21:00,209,0
1269,2015-08-26 15:31:00,233,0
1270,2015-08-26 15:36:00,249,0
1271,2015-08-26 16:21:00,258,0
1272,2015-08-26 16:31:00,330,0
1273,2015-08-26 16:41:00,350,0
1274,2015-08-26 16:51:00,404,0
1275,2015-08-26 17:01:00,391,0
1276,2015-08-26 17:11:00,372,0
1277,2015-08-26 17:31:00,386,0
1278,2015-08-26 17:41:00,432,0
1279,2015-08-26 17:51:00,344,0
1280,2015-08-26 18:01:00,336,0
1281,2015-08-26 18:11:00,286,0
1282,2015-08-26 18:31:00,301,0
1283,2015-08-26 18:41:00,273,0
1284,2015-08-26 18:51:00,255,0
1285,2015-08-26 19:01:00,208,0
1286,2015-08-26 22:24:00,266,0
1287,2015-08-27 01:08:00,180,0
1288,2015-08-27 14:18:00,126,0
1289,2015-08-27 14:28:00,140,0
1290,2015-08-27 14:38:00,160,0
1291,2015-08-27 14:48:00,208,0
1292,2015-08-27 14:58:00,252,0
1293,2015-08-27 15:08:00,376,0
1294,2015-08-27 15:18:00,425,0
1295,2015-08-27 15:28:00,502,0
1296,2015-08-27 15:38:00,554,0
1297,2015-08-27 15:48:00,647,0
1298,2015-08-27 15:58:00,613,0
1299,2015-08-27 16:08:00,736,0
1300,2015-08-27 16:18:00,775,0
1301,2015-08-27 16:28:00,734,0
1302,2015-08-27 16:38:00,626,0
1303,2015-08-27 16:48:00,623,0
1304,2015-08-27 16:58:00,668,0
1305,2015-08-27 17:08:00,697,0
1306,2015-08-27 17:18:00,635,0
1307,2015-08-27 17:28:00,667,0
1308,2015-08-27 17:38:00,629,0
1309,2015-08-27 17:48:00,516,0
1310,2015-08-27 17:58:00,506,0
1311,2015-08-27 18:08:00,461,0
1312,2015-08-27 18:18:00,428,0
1313,2015-08-27 18:28:00,371,0
1314,2015-08-27 18:38:00,408,0
1315,2015-08-27 18:48:00,410,0
1316,2015-08-27 18:58:00,370,0
1317,2015-08-27 19:08:00,394,0
1318,2015-08-27 19:18:00,307,0
1319,2015-08-27 19:28:00,257,0
1320,2015-08-27 22:48:00,176,0
1321,2015-08-27 23:18:00,101,0
1322,2015-08-27 23:38:00,96,0
1323,2015-08-27 23:58:00,83,0
1324,2015-08-28 06:49:00,256,0
1325,2015-08-28 07:09:00,401,0
1326,2015-08-28 08:59:00,139,0
1327,2015-08-28 09:09:00,202,0
1328,2015-08-28 09:19:00,148,0
1329,2015-08-28 09:29:00,167,0
1330,2015-08-28 09:39:00,160,0
1331,2015-08-28 09:49:00,168,0
1332,2015-08-28 09:59:00,170,0
1333,2015-08-28 10:09:00,153,0
1334,2015-08-28 10:49:00,196,0
1335,2015-08-28 10:59:00,230,0
1336,2015-08-28 11:09:00,256,0
1337,2015-08-28 11:19:00,282,0
1338,2015-08-28 11:29:00,427,0
1339,2015-08-28 11:35:00,458,0
1340,2015-08-28 12:19:00,347,0
1341,2015-08-28 12:29:00,342,0
1342,2015-08-28 12:39:00,287,0
1343,2015-08-28 12:49:00,259,0
1344,2015-08-28 12:59:00,278,0
1345,2015-08-28 13:09:00,286,0
1346,2015-08-28 13:19:00,224,0
1347,2015-08-28 13:29:00,286,0
1348,2015-08-28 13:39:00,378,0
1349,2015-08-28 13:49:00,336,0
1350,2015-08-28 13:59:00,356,0
1351,2015-08-28 14:09:00,327,0
1352,2015-08-28 14:19:00,282,0
1353,2015-08-28 14:29:00,365,0
1354,2015-08-28 14:39:00,458,0
1355,2015-08-28 14:49:00,522,0
1356,2015-08-28 14:59:00,476,0
1357,2015-08-28 15:09:00,544,0
1358,2015-08-28 15:19:00,520,0
1359,2015-08-28 15:29:00,547,0
1360,2015-08-28 15:39:00,515,0
1361,2015-08-28 15:49:00,605,0
1362,2015-08-28 15:59:00,544,0
1363,2015-08-28 16:09:00,469,0
1364,2015-08-28 16:19:00,551,0
1365,2015-08-28 16:29:00,543,0
1366,2015-08-28 16:39:00,618,0
1367,2015-08-28 16:49:00,612,0
1368,2015-08-28 16:59:00,514,0
1369,2015-08-28 17:19:00,601,0
1370,2015-08-28 17:39:00,690,0
1371,2015-08-28 17:49:00,666,0
1372,2015-08-28 17:59:00,648,0
1373,2015-08-28 18:09:00,523,0
1374,2015-08-28 18:29:00,447,0
1375,2015-08-28 18:39:00,418,0
1376,2015-08-28 18:49:00,357,0
1377,2015-08-28 18:59:00,339,0
1378,2015-08-28 19:09:00,268,0
1379,2015-08-28 19:19:00,196,0
1380,2015-08-28 19:29:00,175,0
1381,2015-08-28 19:39:00,117,0
1382,2015-08-28 19:49:00,120,0
1383,2015-08-28 19:59:00,101,0
1384,2015-08-28 20:09:00,94,0
1385,2015-08-28 20:19:00,92,0
1386,2015-08-28 20:29:00,91,0
1387,2015-08-28 20:39:00,60,0
1388,2015-08-28 20:49:00,90,0
1389,2015-08-28 20:59:00,95,0
1390,2015-08-28 21:39:00,105,0
1391,2015-08-28 23:49:00,82,0
1392,2015-08-28 23:51:00,83,0
1393,2015-08-29 07:46:00,151,0
1394,2015-08-29 09:16:00,118,0
1395,2015-08-29 09:46:00,156,0
1396,2015-08-29 10:06:00,190,0
1397,2015-08-29 10:16:00,291,0
1398,2015-08-29 10:26:00,292,0
1399,2015-08-29 11:06:00,313,0
1400,2015-08-29 11:16:00,291,0
1401,2015-08-29 11:26:00,250,0
1402,2015-08-29 11:46:00,256,0
1403,2015-08-29 11:56:00,239,0
1404,2015-08-29 12:06:00,230,0
1405,2015-08-29 12:26:00,220,0
1406,2015-08-29 12:46:00,214,0
1407,2015-08-29 12:56:00,188,0
1408,2015-08-29 13:06:00,185,0
1409,2015-08-29 13:16:00,121,0
1410,2015-08-29 13:26:00,138,0
1411,2015-08-29 13:36:00,135,0
1412,2015-08-29 14:56:00,105,0
1413,2015-08-29 16:06:00,153,0
1414,2015-08-29 16:16:00,194,0
1415,2015-08-29 16:26:00,209,0
1416,2015-08-29 16:36:00,223,0
1417,2015-08-29 16:46:00,142,0
1418,2015-08-29 16:56:00,114,0
1419,2015-08-29 17:06:00,81,0
1420,2015-08-29 17:16:00,82,0
1421,2015-08-29 17:26:00,82,0
1422,2015-08-29 17:36:00,98,0
1423,2015-08-29 18:16:00,59,0
1424,2015-08-29 18:26:00,53,0
1425,2015-08-29 18:36:00,59,0
1426,2015-08-29 18:46:00,62,0
1427,2015-08-29 18:56:00,71,0
1428,2015-08-29 22:26:00,100,0
1429,2015-08-30 10:48:00,99,0
1430,2015-08-30 10:58:00,96,0
1431,2015-08-30 11:28:00,94,0
1432,2015-08-30 12:08:00,154,0
1433,2015-08-30 12:18:00,162,0
1434,2015-08-30 15:18:00,112,0
1435,2015-08-30 16:28:00,149,0
1436,2015-08-30 16:58:00,124,0
1437,2015-08-30 17:38:00,122,0
1438,2015-08-30 19:08:00,128,0
1439,2015-08-30 19:48:00,102,0
1440,2015-08-30 19:58:00,106,0
1441,2015-08-30 20:18:00,117,0
1442,2015-08-30 20:48:00,119,0
1443,2015-08-30 20:58:00,128,0
1444,2015-08-31 06:14:00,97,0
1445,2015-08-31 06:24:00,104,0
1446,2015-08-31 08:24:00,121,0
1447,2015-08-31 08:54:00,142,0
1448,2015-08-31 09:14:00,163,0
1449,2015-08-31 09:24:00,148,0
1450,2015-08-31 09:44:00,227,0
1451,2015-08-31 09:54:00,267,0
1452,2015-08-31 10:04:00,329,0
1453,2015-08-31 10:14:00,337,0
1454,2015-08-31 10:24:00,442,0
1455,2015-08-31 10:34:00,442,0
1456,2015-08-31 10:44:00,408,0
1457,2015-08-31 10:54:00,394,0
1458,2015-08-31 11:04:00,452,0
1459,2015-08-31 11:24:00,410,0
1460,2015-08-31 11:34:00,402,0
1461,2015-08-31 11:44:00,379,0
1462,2015-08-31 11:54:00,438,0
1463,2015-08-31 12:04:00,420,0
1464,2015-08-31 12:14:00,371,0
1465,2015-08-31 12:24:00,497,0
1466,2015-08-31 12:34:00,482,0
1467,2015-08-31 12:44:00,510,0
1468,2015-08-31 12:54:00,503,0
1469,2015-08-31 13:04:00,461,0
1470,2015-08-31 13:14:00,330,0
1471,2015-08-31 13:24:00,407,0
1472,2015-08-31 13:34:00,438,0
1473,2015-08-31 13:44:00,481,0
1474,2015-08-31 13:54:00,444,0
1475,2015-08-31 14:03:00,418,0
1476,2015-08-31 14:14:00,513,0
1477,2015-08-31 14:24:00,522,0
1478,2015-08-31 14:34:00,524,0
1479,2015-08-31 14:44:00,787,0
1480,2015-08-31 14:54:00,674,0
1481,2015-08-31 15:04:00,912,0
1482,2015-08-31 15:14:00,954,0
1483,2015-08-31 15:24:00,884,0
1484,2015-08-31 15:34:00,1017,0
1485,2015-08-31 15:44:00,1046,0
1486,2015-08-31 15:54:00,671,0
1487,2015-08-31 16:04:00,594,0
1488,2015-08-31 16:14:00,548,0
1489,2015-08-31 16:24:00,461,0
1490,2015-08-31 16:34:00,452,0
1491,2015-08-31 16:35:00,423,0
1492,2015-08-31 17:24:00,279,0
1493,2015-08-31 17:34:00,378,0
1494,2015-08-31 17:44:00,366,0
1495,2015-08-31 17:54:00,311,0
1496,2015-08-31 18:04:00,274,0
1497,2015-08-31 18:14:00,252,0
1498,2015-08-31 18:24:00,308,0
1499,2015-08-31 18:34:00,276,0
1500,2015-08-31 18:44:00,259,0
1501,2015-08-31 18:54:00,163,0
1502,2015-08-31 21:04:00,183,0
1503,2015-08-31 21:14:00,189,0
1504,2015-08-31 21:24:00,215,0
1505,2015-08-31 21:34:00,547,0
1506,2015-08-31 21:44:00,879,0
1507,2015-08-31 21:54:00,798,0
1508,2015-08-31 22:03:00,697,0
1509,2015-08-31 22:14:00,411,0
1510,2015-08-31 22:24:00,371,0
1511,2015-08-31 22:34:00,702,0
1512,2015-08-31 22:44:00,807,0
1513,2015-08-31 22:54:00,871,0
1514,2015-08-31 23:04:00,537,0
1515,2015-08-31 23:14:00,430,0
1516,2015-08-31 23:24:00,427,0
1517,2015-08-31 23:34:00,373,0
1518,2015-08-31 23:44:00,328,0
1519,2015-08-31 23:54:00,322,0
1520,2015-09-01 00:24:00,301,0
1521,2015-09-01 00:34:00,281,0
1522,2015-09-01 00:44:00,262,0
1523,2015-09-01 00:54:00,252,0
1524,2015-09-01 01:04:00,242,0
1525,2015-09-01 01:14:00,206,0
1526,2015-09-01 05:34:00,168,1
1527,2015-09-01 05:54:00,213,0
1528,2015-09-01 06:16:00,661,0
1529,2015-09-01 06:26:00,525,0
1530,2015-09-01 06:36:00,603,0
1531,2015-09-01 06:46:00,602,0
1532,2015-09-01 06:56:00,614,0
1533,2015-09-01 07:06:00,838,0
1534,2015-09-01 07:16:00,990,0
1535,2015-09-01 07:26:00,1047,0
1536,2015-09-01 07:36:00,1051,0
1537,2015-09-01 07:46:00,1373,0
1538,2015-09-01 07:56:00,1259,0
1539,2015-09-01 08:06:00,1621,0
1540,2015-09-01 08:16:00,1680,0
1541,2015-09-01 08:26:00,1551,0
1542,2015-09-01 08:36:00,1787,0
1543,2015-09-01 08:46:00,2325,0
1544,2015-09-01 09:06:00,2014,0
1545,2015-09-01 09:16:00,1853,0
1546,2015-09-01 09:26:00,1920,0
1547,2015-09-01 09:36:00,1993,0
1548,2015-09-01 09:46:00,1841,0
1549,2015-09-01 09:56:00,1861,0
1550,2015-09-01 10:06:00,1901,0
1551,2015-09-01 10:16:00,1863,0
1552,2015-09-01 10:26:00,2134,0
1553,2015-09-01 10:36:00,1974,0
1554,2015-09-01 10:46:00,1868,0
1555,2015-09-01 10:56:00,1775,0
1556,2015-09-01 11:06:00,727,0
1557,2015-09-01 11:16:00,941,0
1558,2015-09-01 11:26:00,1038,0
1559,2015-09-01 11:36:00,799,0
1560,2015-09-01 11:46:00,672,0
1561,2015-09-01 11:56:00,679,0
1562,2015-09-01 12:06:00,592,0
1563,2015-09-01 12:26:00,358,0
1564,2015-09-01 12:36:00,249,0
1565,2015-09-01 12:46:00,237,0
1566,2015-09-01 12:56:00,203,0
1567,2015-09-01 13:06:00,223,0
1568,2015-09-01 13:16:00,217,0
1569,2015-09-01 13:26:00,209,0
1570,2015-09-01 13:36:00,206,0
1571,2015-09-01 13:56:00,157,0
1572,2015-09-01 14:06:00,244,0
1573,2015-09-01 14:16:00,283,0
1574,2015-09-01 14:26:00,380,0
1575,2015-09-01 14:36:00,458,0
1576,2015-09-01 14:46:00,500,0
1577,2015-09-01 14:56:00,628,0
1578,2015-09-01 15:06:00,724,0
1579,2015-09-01 15:07:00,739,0
1580,2015-09-01 15:56:00,931,0
1581,2015-09-01 16:06:00,905,0
1582,2015-09-01 16:16:00,891,0
1583,2015-09-01 16:26:00,1002,0
1584,2015-09-01 16:36:00,970,0
1585,2015-09-01 16:46:00,912,0
1586,2015-09-01 16:56:00,999,0
1587,2015-09-01 17:06:00,963,0
1588,2015-09-01 17:16:00,972,0
1589,2015-09-01 17:26:00,760,0
1590,2015-09-01 17:36:00,648,0
1591,2015-09-01 17:46:00,569,0
1592,2015-09-01 17:56:00,586,0
1593,2015-09-01 18:06:00,527,0
1594,2015-09-01 18:16:00,465,0
1595,2015-09-01 18:26:00,507,0
1596,2015-09-01 18:36:00,420,0
1597,2015-09-01 18:46:00,403,0
1598,2015-09-01 18:56:00,330,0
1599,2015-09-01 19:06:00,278,0
1600,2015-09-01 19:16:00,191,0
1601,2015-09-01 19:26:00,173,0
1602,2015-09-01 21:01:00,220,0
1603,2015-09-01 21:22:00,2268,0
1604,2015-09-01 21:32:00,2190,0
1605,2015-09-01 21:52:00,108,0
1606,2015-09-01 23:02:00,122,0
1607,2015-09-02 06:42:00,245,0
1608,2015-09-02 06:52:00,300,0
1609,2015-09-02 11:22:00,176,0
1610,2015-09-02 11:32:00,172,0
1611,2015-09-02 11:42:00,233,0
1612,2015-09-02 11:52:00,272,0
1613,2015-09-02 12:12:00,299,0
1614,2015-09-02 12:22:00,307,0
1615,2015-09-02 12:32:00,283,0
1616,2015-09-02 12:42:00,317,0
1617,2015-09-02 12:52:00,239,0
1618,2015-09-02 13:02:00,234,0
1619,2015-09-02 13:22:00,240,0
1620,2015-09-02 13:32:00,201,0
1621,2015-09-02 13:42:00,162,0
1622,2015-09-02 13:52:00,179,0
1623,2015-09-02 14:12:00,276,0
1624,2015-09-02 14:22:00,279,0
1625,2015-09-02 14:32:00,346,0
1626,2015-09-02 14:42:00,399,0
1627,2015-09-02 14:52:00,488,0
1628,2015-09-02 15:02:00,645,0
1629,2015-09-02 15:12:00,618,0
1630,2015-09-02 15:22:00,556,0
1631,2015-09-02 15:28:00,538,0
1632,2015-09-02 16:12:00,1031,0
1633,2015-09-02 16:22:00,880,0
1634,2015-09-02 16:32:00,1286,0
1635,2015-09-02 16:42:00,1060,0
1636,2015-09-02 16:52:00,1202,0
1637,2015-09-02 17:02:00,1220,0
1638,2015-09-02 17:12:00,1379,0
1639,2015-09-02 17:22:00,1283,0
1640,2015-09-02 17:32:00,1167,0
1641,2015-09-02 17:42:00,1064,0
1642,2015-09-02 17:52:00,825,0
1643,2015-09-02 18:02:00,742,0
1644,2015-09-02 18:11:00,702,0
1645,2015-09-02 18:22:00,705,0
1646,2015-09-02 18:32:00,586,0
1647,2015-09-02 18:42:00,674,0
1648,2015-09-02 18:52:00,517,0
1649,2015-09-02 19:02:00,424,0
1650,2015-09-02 19:12:00,333,0
1651,2015-09-02 19:22:00,262,0
1652,2015-09-02 19:32:00,193,0
1653,2015-09-02 19:42:00,223,0
1654,2015-09-02 19:52:00,173,0
1655,2015-09-02 20:02:00,170,0
1656,2015-09-02 20:12:00,192,0
1657,2015-09-02 20:27:00,187,0
1658,2015-09-02 20:37:00,254,0
1659,2015-09-02 20:47:00,321,0
1660,2015-09-02 20:57:00,351,0
1661,2015-09-02 21:07:00,487,0
1662,2015-09-02 21:17:00,708,0
1663,2015-09-02 21:27:00,634,0
1664,2015-09-02 21:37:00,630,0
1665,2015-09-02 21:47:00,454,0
1666,2015-09-02 21:57:00,340,0
1667,2015-09-02 22:17:00,181,0
1668,2015-09-03 01:47:00,140,0
1669,2015-09-03 06:47:00,186,0
1670,2015-09-03 06:57:00,348,0
1671,2015-09-03 07:07:00,413,0
1672,2015-09-03 07:17:00,416,0
1673,2015-09-03 07:27:00,494,0
1674,2015-09-03 07:37:00,548,0
1675,2015-09-03 07:47:00,726,0
1676,2015-09-03 07:57:00,779,0
1677,2015-09-03 08:07:00,907,0
1678,2015-09-03 08:17:00,1031,0
1679,2015-09-03 08:27:00,1221,0
1680,2015-09-03 08:37:00,1154,0
1681,2015-09-03 08:47:00,1356,0
1682,2015-09-03 08:57:00,1602,0
1683,2015-09-03 09:07:00,1637,0
1684,2015-09-03 09:17:00,1672,0
1685,2015-09-03 09:27:00,1442,0
1686,2015-09-03 09:37:00,1030,0
1687,2015-09-03 09:47:00,1135,0
1688,2015-09-03 09:57:00,1069,0
1689,2015-09-03 10:07:00,821,0
1690,2015-09-03 10:17:00,658,0
1691,2015-09-03 10:27:00,633,0
1692,2015-09-03 10:37:00,430,0
1693,2015-09-03 10:47:00,307,0
1694,2015-09-03 10:57:00,415,0
1695,2015-09-03 11:07:00,493,0
1696,2015-09-03 11:17:00,465,0
1697,2015-09-03 11:27:00,542,0
1698,2015-09-03 11:37:00,455,0
1699,2015-09-03 11:57:00,408,0
1700,2015-09-03 12:07:00,445,0
1701,2015-09-03 12:17:00,463,0
1702,2015-09-03 12:27:00,434,0
1703,2015-09-03 12:37:00,419,0
1704,2015-09-03 12:47:00,405,0
1705,2015-09-03 12:57:00,410,0
1706,2015-09-03 13:07:00,417,0
1707,2015-09-03 13:17:00,403,0
1708,2015-09-03 13:27:00,433,0
1709,2015-09-03 13:37:00,413,0
1710,2015-09-03 13:39:00,408,0
1711,2015-09-03 14:27:00,533,0
1712,2015-09-03 14:37:00,640,0
1713,2015-09-03 14:47:00,573,0
1714,2015-09-03 14:57:00,600,0
1715,2015-09-03 15:07:00,876,0
1716,2015-09-03 15:17:00,1003,0
1717,2015-09-03 15:27:00,1080,0
1718,2015-09-03 15:37:00,1133,0
1719,2015-09-03 15:47:00,1302,0
1720,2015-09-03 15:57:00,1330,0
1721,2015-09-03 15:58:00,1374,0
1722,2015-09-03 16:26:00,829,0
1723,2015-09-03 16:36:00,992,0
1724,2015-09-03 16:46:00,1307,0
1725,2015-09-03 16:56:00,1822,0
1726,2015-09-03 17:06:00,1761,0
1727,2015-09-03 17:16:00,1720,0
1728,2015-09-03 17:27:00,1893,0
1729,2015-09-03 17:36:00,1449,0
1730,2015-09-03 17:46:00,1319,0
1731,2015-09-03 17:48:00,1197,0
1732,2015-09-03 18:31:00,482,0
1733,2015-09-03 18:56:00,638,0
1734,2015-09-03 19:06:00,553,0
1735,2015-09-03 19:16:00,528,0
1736,2015-09-03 19:26:00,307,0
1737,2015-09-03 21:02:00,232,0
1738,2015-09-03 21:12:00,290,0
1739,2015-09-03 21:22:00,294,0
1740,2015-09-03 21:42:00,187,0
1741,2015-09-03 21:52:00,186,0
1742,2015-09-03 22:42:00,163,0
1743,2015-09-03 22:52:00,148,0
1744,2015-09-03 23:32:00,150,0
1745,2015-09-03 23:42:00,174,0
1746,2015-09-03 23:52:00,205,0
1747,2015-09-04 00:02:00,214,0
1748,2015-09-04 00:12:00,172,0
1749,2015-09-04 01:43:00,94,0
1750,2015-09-04 03:53:00,66,0
1751,2015-09-04 04:43:00,79,0
1752,2015-09-04 04:53:00,88,0
1753,2015-09-04 05:23:00,107,0
1754,2015-09-04 05:43:00,103,0
1755,2015-09-04 08:03:00,121,0
1756,2015-09-04 08:33:00,100,0
1757,2015-09-04 09:03:00,122,0
1758,2015-09-04 09:13:00,114,0
1759,2015-09-04 09:33:00,131,0
1760,2015-09-04 09:53:00,140,0
1761,2015-09-04 10:13:00,138,0
1762,2015-09-04 10:33:00,147,0
1763,2015-09-04 10:43:00,150,0
1764,2015-09-04 10:53:00,168,0
1765,2015-09-04 11:03:00,155,0
1766,2015-09-04 11:13:00,153,0
1767,2015-09-04 11:23:00,151,0
1768,2015-09-04 11:33:00,147,0
1769,2015-09-04 11:43:00,158,0
1770,2015-09-04 11:53:00,162,0
1771,2015-09-04 12:13:00,143,0
1772,2015-09-04 12:23:00,166,0
1773,2015-09-04 12:33:00,149,0
1774,2015-09-04 12:43:00,158,0
1775,2015-09-04 13:13:00,144,0
1776,2015-09-04 13:23:00,122,0
1777,2015-09-04 13:43:00,124,0
1778,2015-09-04 13:53:00,145,0
1779,2015-09-04 14:03:00,123,0
1780,2015-09-04 14:23:00,122,0
1781,2015-09-04 14:43:00,231,0
1782,2015-09-04 16:03:00,115,0
1783,2015-09-04 16:13:00,242,0
1784,2015-09-04 16:33:00,138,0
1785,2015-09-04 17:03:00,113,0
1786,2015-09-04 17:23:00,135,0
1787,2015-09-04 17:33:00,137,0
1788,2015-09-04 18:03:00,107,0
1789,2015-09-04 19:13:00,126,0
1790,2015-09-04 19:33:00,75,0
1791,2015-09-04 19:43:00,70,0
1792,2015-09-04 19:53:00,88,0
1793,2015-09-04 20:03:00,84,0
1794,2015-09-04 20:13:00,81,0
1795,2015-09-04 20:23:00,84,0
1796,2015-09-04 20:33:00,77,0
1797,2015-09-04 20:43:00,82,0
1798,2015-09-04 21:03:00,71,0
1799,2015-09-04 21:13:00,67,0
1800,2015-09-05 00:09:00,75,0
1801,2015-09-05 06:39:00,59,0
1802,2015-09-05 06:49:00,51,0
1803,2015-09-05 06:59:00,53,0
1804,2015-09-05 07:09:00,63,0
1805,2015-09-05 09:29:00,133,0
1806,2015-09-05 12:37:00,115,0
1807,2015-09-05 14:27:00,102,0
1808,2015-09-05 23:47:00,92,0
1809,2015-09-05 23:57:00,88,0
1810,2015-09-06 00:37:00,118,0
1811,2015-09-06 01:07:00,109,0
1812,2015-09-06 01:47:00,109,0
1813,2015-09-06 02:07:00,101,0
1814,2015-09-06 02:27:00,93,0
1815,2015-09-06 03:08:00,94,0
1816,2015-09-06 04:28:00,94,0
1817,2015-09-06 04:38:00,14,0
1818,2015-09-06 04:48:00,93,0
1819,2015-09-06 05:18:00,86,0
1820,2015-09-06 05:58:00,52,0
1821,2015-09-06 06:38:00,34,0
1822,2015-09-06 06:48:00,32,0
1823,2015-09-06 06:58:00,33,0
1824,2015-09-06 07:18:00,60,0
1825,2015-09-06 15:32:00,95,0
1826,2015-09-06 16:22:00,97,0
1827,2015-09-07 01:52:00,93,0
1828,2015-09-07 03:22:00,73,0
1829,2015-09-07 04:32:00,95,0
1830,2015-09-07 04:42:00,92,0
1831,2015-09-07 05:02:00,100,0
1832,2015-09-07 07:12:00,96,0
1833,2015-09-07 08:12:00,72,0
1834,2015-09-07 08:52:00,119,0
1835,2015-09-07 09:02:00,134,0
1836,2015-09-07 09:22:00,132,0
1837,2015-09-07 09:32:00,132,0
1838,2015-09-07 09:42:00,137,0
1839,2015-09-07 09:52:00,140,0
1840,2015-09-07 10:02:00,136,0
1841,2015-09-07 10:12:00,139,0
1842,2015-09-07 10:22:00,138,0
1843,2015-09-07 10:32:00,138,0
1844,2015-09-07 10:52:00,144,0
1845,2015-09-07 11:02:00,145,0
1846,2015-09-07 11:22:00,129,0
1847,2015-09-07 11:42:00,143,0
1848,2015-09-07 11:52:00,134,0
1849,2015-09-07 12:02:00,124,0
1850,2015-09-07 12:32:00,138,0
1851,2015-09-07 12:45:00,137,0
1852,2015-09-07 13:05:00,147,0
1853,2015-09-07 13:15:00,142,0
1854,2015-09-07 13:25:00,142,0
1855,2015-09-07 13:35:00,148,0
1856,2015-09-07 13:45:00,139,0
1857,2015-09-07 13:55:00,143,0
1858,2015-09-07 14:05:00,145,0
1859,2015-09-07 14:15:00,148,0
1860,2015-09-07 14:25:00,125,0
1861,2015-09-07 14:35:00,128,0
1862,2015-09-07 14:45:00,123,0
1863,2015-09-07 14:55:00,133,0
1864,2015-09-07 15:05:00,139,0
1865,2015-09-07 15:35:00,125,0
1866,2015-09-07 15:45:00,125,0
1867,2015-09-07 15:55:00,139,0
1868,2015-09-07 16:05:00,136,0
1869,2015-09-07 16:15:00,131,0
1870,2015-09-07 16:25:00,137,0
1871,2015-09-07 16:45:00,126,0
1872,2015-09-07 17:05:00,113,0
1873,2015-09-07 17:25:00,131,0
1874,2015-09-07 17:35:00,136,0
1875,2015-09-07 17:45:00,138,0
1876,2015-09-07 18:05:00,143,0
1877,2015-09-07 18:15:00,154,0
1878,2015-09-07 18:35:00,158,0
1879,2015-09-07 18:45:00,140,0
1880,2015-09-07 18:55:00,130,0
1881,2015-09-07 19:01:00,124,0
1882,2015-09-08 00:54:00,11,0
1883,2015-09-08 01:44:00,67,0
1884,2015-09-08 01:54:00,70,0
1885,2015-09-08 02:04:00,97,0
1886,2015-09-08 02:54:00,78,0
1887,2015-09-08 03:24:00,44,0
1888,2015-09-08 04:24:00,12,0
1889,2015-09-08 04:34:00,34,0
1890,2015-09-08 04:44:00,31,0
1891,2015-09-08 11:28:00,82,0
1892,2015-09-08 11:36:00,63,0
1893,2015-09-08 11:46:00,66,0
1894,2015-09-08 13:16:00,114,0
1895,2015-09-08 13:26:00,131,0
1896,2015-09-08 13:29:00,136,0
1897,2015-09-08 14:08:00,138,0
1898,2015-09-08 14:18:00,147,0
1899,2015-09-08 14:28:00,137,0
1900,2015-09-08 14:48:00,162,0
1901,2015-09-08 14:58:00,167,0
1902,2015-09-08 15:08:00,145,0
1903,2015-09-08 15:18:00,157,0
1904,2015-09-08 15:28:00,212,0
1905,2015-09-08 15:38:00,230,0
1906,2015-09-08 15:48:00,259,0
1907,2015-09-08 15:58:00,199,0
1908,2015-09-08 16:08:00,170,0
1909,2015-09-08 16:18:00,216,0
1910,2015-09-08 16:38:00,191,0
1911,2015-09-08 16:48:00,149,0
1912,2015-09-08 16:58:00,165,0
1913,2015-09-08 17:18:00,195,0
1914,2015-09-08 17:28:00,176,0
1915,2015-09-08 17:48:00,182,0
1916,2015-09-08 17:58:00,154,0
1917,2015-09-08 18:08:00,163,0
1918,2015-09-08 18:18:00,225,0
1919,2015-09-08 18:28:00,234,0
1920,2015-09-08 18:48:00,180,0
1921,2015-09-08 18:58:00,178,0
1922,2015-09-08 19:08:00,146,0
1923,2015-09-08 20:18:00,109,0
1924,2015-09-08 20:48:00,116,0
1925,2015-09-08 20:58:00,103,0
1926,2015-09-08 22:18:00,144,0
1927,2015-09-08 23:18:00,180,0
1928,2015-09-08 23:28:00,159,0
1929,2015-09-08 23:38:00,178,0
1930,2015-09-08 23:58:00,148,0
1931,2015-09-09 00:28:00,113,0
1932,2015-09-09 00:48:00,103,0
1933,2015-09-09 01:38:00,57,0
1934,2015-09-09 01:58:00,58,0
1935,2015-09-09 02:18:00,120,0
1936,2015-09-09 02:28:00,121,0
1937,2015-09-09 02:48:00,96,0
1938,2015-09-09 02:58:00,101,0
1939,2015-09-09 03:38:00,99,0
1940,2015-09-09 03:58:00,94,0
1941,2015-09-09 04:08:00,92,0
1942,2015-09-09 04:28:00,35,0
1943,2015-09-09 04:38:00,31,0
1944,2015-09-09 04:48:00,13,0
1945,2015-09-09 04:58:00,13,0
1946,2015-09-09 05:08:00,12,0
1947,2015-09-09 07:28:00,103,0
1948,2015-09-09 11:30:00,109,0
1949,2015-09-09 11:50:00,96,0
1950,2015-09-09 12:00:00,94,0
1951,2015-09-09 13:20:00,139,0
1952,2015-09-09 14:29:00,101,0
1953,2015-09-09 14:50:00,139,0
1954,2015-09-09 15:00:00,160,0
1955,2015-09-09 15:09:00,199,0
1956,2015-09-09 15:29:00,220,0
1957,2015-09-09 15:40:00,358,0
1958,2015-09-09 15:50:00,359,0
1959,2015-09-09 16:00:00,459,0
1960,2015-09-09 16:10:00,443,0
1961,2015-09-09 16:20:00,477,0
1962,2015-09-09 16:29:00,314,0
1963,2015-09-09 16:40:00,384,0
1964,2015-09-09 16:50:00,428,0
1965,2015-09-09 16:59:00,338,0
1966,2015-09-09 17:19:00,145,0
1967,2015-09-09 17:30:00,175,0
1968,2015-09-09 17:40:00,175,0
1969,2015-09-09 17:59:00,171,0
1970,2015-09-09 18:09:00,182,0
1971,2015-09-09 18:19:00,162,0
1972,2015-09-09 18:30:00,144,0
1973,2015-09-09 18:39:00,176,0
1974,2015-09-09 18:49:00,207,0
1975,2015-09-09 18:59:00,169,0
1976,2015-09-09 19:10:00,146,0
1977,2015-09-09 19:20:00,125,0
1978,2015-09-09 22:59:00,99,0
1979,2015-09-09 23:39:00,97,0
1980,2015-09-09 23:49:00,97,0
1981,2015-09-10 00:09:00,83,0
1982,2015-09-10 00:19:00,87,0
1983,2015-09-10 00:29:00,90,0
1984,2015-09-10 00:39:00,90,0
1985,2015-09-10 01:09:00,50,0
1986,2015-09-10 01:19:00,93,0
1987,2015-09-10 01:29:00,91,0
1988,2015-09-10 01:49:00,19,0
1989,2015-09-10 01:59:00,19,0
1990,2015-09-10 02:09:00,91,0
1991,2015-09-10 02:19:00,55,0
1992,2015-09-10 02:39:00,50,0
1993,2015-09-10 02:49:00,49,0
1994,2015-09-10 02:59:00,53,0
1995,2015-09-10 03:19:00,52,0
1996,2015-09-10 03:30:00,54,0
1997,2015-09-10 03:59:00,53,0
1998,2015-09-10 04:09:00,85,0
1999,2015-09-10 04:19:00,51,0
2000,2015-09-10 04:29:00,53,0
2001,2015-09-10 04:39:00,18,0
2002,2015-09-10 04:49:00,56,0
2003,2015-09-10 04:59:00,54,0
2004,2015-09-10 05:29:00,10,0
2005,2015-09-10 05:39:00,9,0
2006,2015-09-10 09:19:00,113,0
2007,2015-09-10 09:29:00,116,0
2008,2015-09-10 09:39:00,100,0
2009,2015-09-10 09:59:00,118,0
2010,2015-09-10 12:23:00,117,0
2011,2015-09-10 14:43:00,129,0
2012,2015-09-10 14:53:00,159,0
2013,2015-09-10 15:03:00,169,0
2014,2015-09-10 15:13:00,213,0
2015,2015-09-10 15:43:00,373,0
2016,2015-09-10 15:53:00,405,0
2017,2015-09-10 16:03:00,387,0
2018,2015-09-10 16:13:00,450,0
2019,2015-09-10 16:23:00,434,0
2020,2015-09-10 16:33:00,293,0
2021,2015-09-10 16:43:00,244,0
2022,2015-09-10 16:53:00,238,0
2023,2015-09-10 17:03:00,219,0
2024,2015-09-10 17:13:00,190,0
2025,2015-09-10 17:23:00,202,0
2026,2015-09-10 17:33:00,209,0
2027,2015-09-10 17:43:00,222,0
2028,2015-09-10 17:53:00,185,0
2029,2015-09-10 18:03:00,168,0
2030,2015-09-10 18:13:00,133,0
2031,2015-09-10 18:43:00,141,0
2032,2015-09-10 19:03:00,157,0
2033,2015-09-10 19:13:00,181,0
2034,2015-09-10 19:23:00,627,0
2035,2015-09-10 19:33:00,142,0
2036,2015-09-10 20:23:00,137,0
2037,2015-09-10 20:43:00,150,0
2038,2015-09-10 22:53:00,731,0
2039,2015-09-10 23:13:00,4630,0
2040,2015-09-10 23:18:00,4562,0
2041,2015-09-11 00:13:00,4891,0
2042,2015-09-11 00:25:00,4813,0
2043,2015-09-11 05:03:00,104,0
2044,2015-09-11 05:33:00,105,0
2045,2015-09-11 08:03:00,107,0
2046,2015-09-11 08:13:00,111,0
2047,2015-09-11 08:33:00,98,0
2048,2015-09-11 08:43:00,119,0
2049,2015-09-11 09:13:00,118,0
2050,2015-09-11 09:23:00,133,0
2051,2015-09-11 09:33:00,148,0
2052,2015-09-11 09:53:00,162,0
2053,2015-09-11 10:13:00,371,0
2054,2015-09-11 10:33:00,148,0
2055,2015-09-11 10:43:00,146,0
2056,2015-09-11 10:53:00,158,0
2057,2015-09-11 11:03:00,175,0
2058,2015-09-11 11:13:00,223,0
2059,2015-09-11 11:23:00,171,0
2060,2015-09-11 11:29:00,162,0
2061,2015-09-11 11:39:00,159,0
2062,2015-09-11 11:49:00,207,0
2063,2015-09-11 11:59:00,156,0
2064,2015-09-11 12:09:00,165,0
2065,2015-09-11 12:19:00,163,0
2066,2015-09-11 12:29:00,195,0
2067,2015-09-11 12:39:00,156,0
2068,2015-09-11 12:49:00,195,0
2069,2015-09-11 12:59:00,154,0
2070,2015-09-11 13:29:00,149,0
2071,2015-09-11 13:39:00,153,0
2072,2015-09-11 13:49:00,128,0
2073,2015-09-11 13:59:00,118,0
2074,2015-09-11 14:09:00,133,0
2075,2015-09-11 14:19:00,168,0
2076,2015-09-11 14:29:00,152,0
2077,2015-09-11 14:39:00,150,0
2078,2015-09-11 14:49:00,146,0
2079,2015-09-11 14:59:00,164,0
2080,2015-09-11 15:09:00,156,0
2081,2015-09-11 15:19:00,158,0
2082,2015-09-11 15:29:00,184,0
2083,2015-09-11 15:39:00,249,0
2084,2015-09-11 15:49:00,232,0
2085,2015-09-11 15:59:00,235,0
2086,2015-09-11 16:09:00,235,0
2087,2015-09-11 16:19:00,253,0
2088,2015-09-11 16:29:00,287,0
2089,2015-09-11 16:39:00,310,0
2090,2015-09-11 16:49:00,327,0
2091,2015-09-11 16:59:00,351,0
2092,2015-09-11 17:09:00,333,0
2093,2015-09-11 17:19:00,329,0
2094,2015-09-11 17:29:00,308,0
2095,2015-09-11 17:39:00,284,0
2096,2015-09-11 17:49:00,284,0
2097,2015-09-11 17:59:00,229,0
2098,2015-09-11 18:09:00,145,0
2099,2015-09-11 18:19:00,196,0
2100,2015-09-11 18:39:00,166,0
2101,2015-09-11 18:49:00,199,0
2102,2015-09-11 18:59:00,197,0
2103,2015-09-11 19:09:00,131,0
2104,2015-09-11 19:12:00,134,0
2105,2015-09-11 19:22:00,134,0
2106,2015-09-11 19:32:00,79,0
2107,2015-09-11 19:42:00,77,0
2108,2015-09-11 19:52:00,95,0
2109,2015-09-11 20:02:00,87,0
2110,2015-09-11 20:12:00,103,0
2111,2015-09-11 20:22:00,90,0
2112,2015-09-11 20:32:00,85,0
2113,2015-09-11 20:42:00,94,0
2114,2015-09-11 20:52:00,115,0
2115,2015-09-11 21:02:00,70,0
2116,2015-09-11 21:12:00,73,0
2117,2015-09-11 23:12:00,163,0
2118,2015-09-11 23:22:00,215,0
2119,2015-09-11 23:32:00,298,0
2120,2015-09-11 23:42:00,302,0
2121,2015-09-11 23:52:00,246,0
2122,2015-09-12 00:02:00,188,0
2123,2015-09-12 00:12:00,124,0
2124,2015-09-12 00:22:00,155,0
2125,2015-09-12 00:42:00,154,0
2126,2015-09-12 00:52:00,156,0
2127,2015-09-12 01:12:00,116,0
2128,2015-09-12 01:42:00,2769,0
2129,2015-09-12 01:52:00,2697,0
2130,2015-09-12 02:12:00,2833,0
2131,2015-09-12 02:20:00,2730,0
2132,2015-09-12 02:42:00,3799,0
2133,2015-09-12 02:53:00,3853,0
2134,2015-09-12 07:12:00,61,0
2135,2015-09-12 07:22:00,102,0
2136,2015-09-12 07:52:00,106,0
2137,2015-09-12 08:42:00,135,0
2138,2015-09-12 10:02:00,110,0
2139,2015-09-12 10:12:00,112,0
2140,2015-09-12 10:32:00,108,0
2141,2015-09-12 13:57:00,118,0
2142,2015-09-12 14:17:00,115,0
2143,2015-09-12 14:27:00,106,0
2144,2015-09-12 14:47:00,132,0
2145,2015-09-12 15:57:00,128,0
2146,2015-09-12 16:17:00,119,0
2147,2015-09-12 16:27:00,132,0
2148,2015-09-12 16:47:00,112,0
2149,2015-09-12 19:27:00,136,0
2150,2015-09-12 19:37:00,134,0
2151,2015-09-12 21:27:00,111,0
2152,2015-09-12 23:27:00,108,0
2153,2015-09-12 23:47:00,95,0
2154,2015-09-12 23:57:00,89,0
2155,2015-09-13 00:37:00,119,0
2156,2015-09-13 00:47:00,116,0
2157,2015-09-13 00:57:00,114,0
2158,2015-09-13 01:07:00,113,0
2159,2015-09-13 01:27:00,78,0
2160,2015-09-13 01:37:00,79,0
2161,2015-09-13 01:47:00,106,0
2162,2015-09-13 01:57:00,104,0
2163,2015-09-13 02:07:00,108,0
2164,2015-09-13 03:07:00,95,0
2165,2015-09-13 03:27:00,101,0
2166,2015-09-13 04:07:00,98,0
2167,2015-09-13 04:27:00,92,0
2168,2015-09-13 04:37:00,15,0
2169,2015-09-13 04:47:00,98,0
2170,2015-09-13 04:57:00,96,0
2171,2015-09-13 05:07:00,100,0
2172,2015-09-13 05:17:00,83,0
2173,2015-09-13 05:27:00,84,0
2174,2015-09-13 05:37:00,87,0
2175,2015-09-13 05:57:00,55,0
2176,2015-09-13 06:17:00,38,0
2177,2015-09-13 06:27:00,37,0
2178,2015-09-13 06:37:00,35,0
2179,2015-09-13 06:47:00,34,0
2180,2015-09-13 06:57:00,34,0
2181,2015-09-13 07:17:00,61,0
2182,2015-09-13 07:27:00,57,0
2183,2015-09-13 07:37:00,96,0
2184,2015-09-13 07:47:00,97,0
2185,2015-09-13 07:57:00,95,0
2186,2015-09-13 08:07:00,99,0
2187,2015-09-13 08:27:00,98,0
2188,2015-09-13 09:07:00,110,0
2189,2015-09-13 09:17:00,104,0
2190,2015-09-13 09:47:00,102,0
2191,2015-09-13 09:57:00,105,0
2192,2015-09-13 11:57:00,119,0
2193,2015-09-13 12:17:00,124,0
2194,2015-09-13 12:47:00,177,0
2195,2015-09-13 13:27:00,113,0
2196,2015-09-13 14:09:00,100,0
2197,2015-09-13 15:19:00,130,0
2198,2015-09-13 15:29:00,115,0
2199,2015-09-13 15:39:00,100,0
2200,2015-09-13 15:49:00,127,0
2201,2015-09-13 16:19:00,136,0
2202,2015-09-13 16:29:00,111,0
2203,2015-09-13 16:49:00,129,0
2204,2015-09-13 16:59:00,127,0
2205,2015-09-13 17:29:00,107,0
2206,2015-09-13 17:59:00,106,0
2207,2015-09-13 18:19:00,106,0
2208,2015-09-13 18:59:00,104,0
2209,2015-09-13 19:09:00,122,0
2210,2015-09-13 19:49:00,99,0
2211,2015-09-13 19:59:00,97,0
2212,2015-09-13 20:09:00,123,0
2213,2015-09-13 20:19:00,114,0
2214,2015-09-13 20:29:00,116,0
2215,2015-09-13 22:09:00,107,0
2216,2015-09-13 22:59:00,103,0
2217,2015-09-13 23:09:00,101,0
2218,2015-09-13 23:29:00,99,0
2219,2015-09-14 00:59:00,100,0
2220,2015-09-14 01:29:00,109,0
2221,2015-09-14 03:19:00,102,0
2222,2015-09-14 03:59:00,109,0
2223,2015-09-14 05:39:00,110,0
2224,2015-09-14 05:49:00,98,0
2225,2015-09-14 06:09:00,97,0
2226,2015-09-14 06:19:00,100,0
2227,2015-09-14 07:49:00,102,0
2228,2015-09-14 07:59:00,106,0
2229,2015-09-14 09:09:00,152,0
2230,2015-09-14 09:19:00,155,0
2231,2015-09-14 09:39:00,164,0
2232,2015-09-14 09:49:00,171,0
2233,2015-09-14 10:09:00,173,0
2234,2015-09-14 10:19:00,201,0
2235,2015-09-14 10:29:00,163,0
2236,2015-09-14 10:39:00,168,0
2237,2015-09-14 10:59:00,159,0
2238,2015-09-14 11:09:00,155,0
2239,2015-09-14 11:19:00,158,0
2240,2015-09-14 11:39:00,167,0
2241,2015-09-14 11:49:00,151,0
2242,2015-09-14 11:59:00,170,0
2243,2015-09-14 12:09:00,161,0
2244,2015-09-14 12:19:00,186,0
2245,2015-09-14 12:29:00,172,0
2246,2015-09-14 12:39:00,194,0
2247,2015-09-14 12:49:00,341,0
2248,2015-09-14 12:59:00,166,0
2249,2015-09-14 13:09:00,173,0
2250,2015-09-14 13:19:00,187,0
2251,2015-09-14 13:39:00,166,0
2252,2015-09-14 13:49:00,178,0
2253,2015-09-14 13:59:00,158,0
2254,2015-09-14 14:09:00,174,0
2255,2015-09-14 14:26:00,136,0
2256,2015-09-14 14:36:00,140,0
2257,2015-09-14 14:46:00,155,0
2258,2015-09-14 14:56:00,190,0
2259,2015-09-14 15:06:00,184,0
2260,2015-09-14 15:16:00,174,0
2261,2015-09-14 15:26:00,150,0
2262,2015-09-14 15:36:00,140,0
2263,2015-09-14 15:46:00,197,0
2264,2015-09-14 15:56:00,193,0
2265,2015-09-14 16:06:00,174,0
2266,2015-09-14 16:16:00,179,0
2267,2015-09-14 16:26:00,161,0
2268,2015-09-14 16:36:00,153,0
2269,2015-09-14 16:46:00,256,0
2270,2015-09-14 16:56:00,285,0
2271,2015-09-14 17:06:00,217,0
2272,2015-09-14 17:16:00,146,0
2273,2015-09-14 17:26:00,142,0
2274,2015-09-14 17:36:00,161,0
2275,2015-09-14 17:46:00,157,0
2276,2015-09-14 17:56:00,164,0
2277,2015-09-14 18:06:00,131,0
2278,2015-09-14 18:16:00,151,0
2279,2015-09-14 18:26:00,178,0
2280,2015-09-14 18:36:00,169,0
2281,2015-09-14 18:46:00,150,0
2282,2015-09-14 18:56:00,124,0
2283,2015-09-14 19:26:00,120,0
2284,2015-09-14 20:06:00,112,0
2285,2015-09-14 21:06:00,91,0
2286,2015-09-14 21:36:00,123,0
2287,2015-09-14 22:46:00,126,0
2288,2015-09-14 22:56:00,160,0
2289,2015-09-14 23:06:00,198,0
2290,2015-09-15 04:26:00,130,0
2291,2015-09-15 05:16:00,138,0
2292,2015-09-15 06:46:00,143,0
2293,2015-09-15 07:26:00,147,0
2294,2015-09-15 07:46:00,136,0
2295,2015-09-15 07:56:00,140,0
2296,2015-09-15 08:16:00,127,0
2297,2015-09-15 08:26:00,131,0
2298,2015-09-15 08:46:00,147,0
2299,2015-09-15 08:56:00,130,0
2300,2015-09-15 09:06:00,125,0
2301,2015-09-15 10:16:00,140,0
2302,2015-09-15 10:26:00,145,0
2303,2015-09-15 10:56:00,135,0
2304,2015-09-15 11:06:00,1612,0
2305,2015-09-15 11:16:00,1738,0
2306,2015-09-15 11:26:00,70,0
2307,2015-09-15 11:36:00,109,0
2308,2015-09-15 11:56:00,133,0
2309,2015-09-15 12:36:00,141,0
2310,2015-09-15 12:56:00,134,0
2311,2015-09-15 13:06:00,145,0
2312,2015-09-15 13:26:00,131,0
2313,2015-09-15 13:46:00,137,0
2314,2015-09-15 13:56:00,141,0
2315,2015-09-15 14:06:00,195,0
2316,2015-09-15 14:16:00,163,0
2317,2015-09-15 14:26:00,131,0
2318,2015-09-15 14:36:00,135,0
2319,2015-09-15 14:46:00,148,0
2320,2015-09-15 14:55:00,146,0
2321,2015-09-15 15:05:00,154,0
2322,2015-09-15 15:15:00,147,0
2323,2015-09-15 15:25:00,147,0
2324,2015-09-15 15:35:00,197,0
2325,2015-09-15 15:45:00,211,0
2326,2015-09-15 15:55:00,202,0
2327,2015-09-15 16:05:00,169,0
2328,2015-09-15 16:15:00,143,0
2329,2015-09-15 16:25:00,135,0
2330,2015-09-15 16:35:00,127,0
2331,2015-09-15 16:38:00,128,0
2332,2015-09-15 17:15:00,170,0
2333,2015-09-15 17:25:00,166,0
2334,2015-09-15 17:35:00,160,0
2335,2015-09-15 17:45:00,144,0
2336,2015-09-15 17:55:00,157,0
2337,2015-09-15 18:05:00,156,0
2338,2015-09-15 18:15:00,149,0
2339,2015-09-15 18:25:00,153,0
2340,2015-09-15 18:45:00,163,0
2341,2015-09-15 18:55:00,140,0
2342,2015-09-15 19:15:00,120,0
2343,2015-09-15 19:45:00,115,0
2344,2015-09-15 20:45:00,121,0
2345,2015-09-15 21:05:00,113,0
2346,2015-09-15 21:15:00,116,0
2347,2015-09-15 21:25:00,101,0
2348,2015-09-15 21:45:00,102,0
2349,2015-09-15 21:55:00,103,0
2350,2015-09-15 22:35:00,108,0
2351,2015-09-15 22:45:00,112,0
2352,2015-09-15 23:15:00,107,0
2353,2015-09-16 02:25:00,106,0
2354,2015-09-16 03:55:00,112,0
2355,2015-09-16 04:25:00,125,0
2356,2015-09-16 05:05:00,103,0
2357,2015-09-16 05:15:00,105,0
2358,2015-09-16 06:55:00,129,0
2359,2015-09-16 07:25:00,111,0
2360,2015-09-16 08:35:00,141,0
2361,2015-09-16 09:05:00,116,0
2362,2015-09-16 09:15:00,114,0
2363,2015-09-16 09:45:00,167,0
2364,2015-09-16 09:55:00,139,0
2365,2015-09-16 10:15:00,128,0
2366,2015-09-16 10:35:00,117,0
2367,2015-09-16 10:55:00,126,0
2368,2015-09-16 11:15:00,138,0
2369,2015-09-16 11:25:00,132,0
2370,2015-09-16 11:35:00,103,0
2371,2015-09-16 11:45:00,113,0
2372,2015-09-16 11:55:00,122,0
2373,2015-09-16 12:05:00,127,0
2374,2015-09-16 12:45:00,158,0
2375,2015-09-16 12:55:00,116,0
2376,2015-09-16 13:05:00,125,0
2377,2015-09-16 13:25:00,120,0
2378,2015-09-16 13:45:00,172,0
2379,2015-09-16 13:55:00,170,0
2380,2015-09-16 14:05:00,200,0
2381,2015-09-16 14:15:00,216,0
2382,2015-09-16 14:25:00,183,0
2383,2015-09-16 14:35:00,177,0
2384,2015-09-16 14:45:00,185,0
2385,2015-09-16 14:55:00,224,0
2386,2015-09-16 15:05:00,289,0
2387,2015-09-16 15:15:00,297,0
2388,2015-09-16 15:25:00,258,0
2389,2015-09-16 15:31:00,246,0
2390,2015-09-16 15:41:00,244,0
2391,2015-09-16 15:51:00,214,0
2392,2015-09-16 16:01:00,233,0
2393,2015-09-16 16:11:00,181,0
2394,2015-09-16 16:21:00,194,0
2395,2015-09-16 16:31:00,181,0
2396,2015-09-16 16:41:00,189,0
2397,2015-09-16 16:51:00,197,0
2398,2015-09-16 17:01:00,208,0
2399,2015-09-16 17:11:00,181,0
2400,2015-09-16 17:21:00,166,0
2401,2015-09-16 17:31:00,166,0
2402,2015-09-16 17:41:00,193,0
2403,2015-09-16 17:51:00,172,0
2404,2015-09-16 18:01:00,147,0
2405,2015-09-16 18:11:00,159,0
2406,2015-09-16 18:21:00,179,0
2407,2015-09-16 18:31:00,165,0
2408,2015-09-16 18:41:00,167,0
2409,2015-09-16 18:51:00,191,0
2410,2015-09-16 19:01:00,140,0
2411,2015-09-16 19:11:00,175,0
2412,2015-09-16 19:21:00,143,0
2413,2015-09-16 19:31:00,184,0
2414,2015-09-16 19:41:00,169,0
2415,2015-09-16 19:51:00,126,0
2416,2015-09-16 20:01:00,125,0
2417,2015-09-16 20:11:00,123,0
2418,2015-09-16 20:31:00,129,0
2419,2015-09-16 20:41:00,121,0
2420,2015-09-16 20:51:00,122,0
2421,2015-09-16 21:11:00,117,0
2422,2015-09-16 21:21:00,107,0
2423,2015-09-16 21:31:00,108,0
2424,2015-09-16 21:51:00,97,0
2425,2015-09-16 22:21:00,106,0
2426,2015-09-16 22:31:00,99,0
2427,2015-09-16 22:41:00,114,0
2428,2015-09-16 23:09:00,120,0
2429,2015-09-16 23:41:00,468,0
2430,2015-09-17 00:01:00,474,0
2431,2015-09-17 00:11:00,219,0
2432,2015-09-17 00:21:00,226,0
2433,2015-09-17 00:31:00,420,0
2434,2015-09-17 00:41:00,521,0
2435,2015-09-17 00:51:00,527,0
2436,2015-09-17 00:57:00,609,0
2437,2015-09-17 01:21:00,227,0
2438,2015-09-17 01:41:00,273,0
2439,2015-09-17 01:51:00,303,0
2440,2015-09-17 02:10:00,153,0
2441,2015-09-17 06:01:00,105,0
2442,2015-09-17 06:21:00,113,0
2443,2015-09-17 06:31:00,115,0
2444,2015-09-17 06:41:00,111,0
2445,2015-09-17 06:51:00,109,0
2446,2015-09-17 07:21:00,118,0
2447,2015-09-17 07:31:00,110,0
2448,2015-09-17 07:41:00,107,0
2449,2015-09-17 07:51:00,105,0
2450,2015-09-17 08:11:00,102,0
2451,2015-09-17 08:21:00,108,0
2452,2015-09-17 08:51:00,116,0
2453,2015-09-17 09:01:00,112,0
2454,2015-09-17 09:11:00,114,0
2455,2015-09-17 09:31:00,110,0
2456,2015-09-17 09:51:00,104,0
2457,2015-09-17 10:01:00,111,0
2458,2015-09-17 10:11:00,101,0
2459,2015-09-17 10:21:00,105,0
2460,2015-09-17 10:31:00,104,0
2461,2015-09-17 10:41:00,107,0
2462,2015-09-17 11:11:00,115,0
2463,2015-09-17 11:21:00,110,0
2464,2015-09-17 11:31:00,116,0
2465,2015-09-17 11:41:00,124,0
2466,2015-09-17 11:51:00,120,0
2467,2015-09-17 12:01:00,117,0
2468,2015-09-17 12:11:00,111,0
2469,2015-09-17 12:21:00,136,0
2470,2015-09-17 12:31:00,127,0
2471,2015-09-17 12:41:00,121,0
2472,2015-09-17 12:51:00,131,0
2473,2015-09-17 13:01:00,129,0
2474,2015-09-17 13:11:00,119,0
2475,2015-09-17 13:21:00,134,0
2476,2015-09-17 13:31:00,137,0
2477,2015-09-17 13:41:00,118,0
2478,2015-09-17 13:51:00,114,0
2479,2015-09-17 14:01:00,123,0
2480,2015-09-17 14:11:00,124,0
2481,2015-09-17 14:21:00,132,0
2482,2015-09-17 14:31:00,184,0
2483,2015-09-17 14:41:00,201,0
2484,2015-09-17 14:51:00,209,0
2485,2015-09-17 15:01:00,251,0
2486,2015-09-17 15:11:00,245,0
2487,2015-09-17 15:21:00,215,0
2488,2015-09-17 15:31:00,252,0
2489,2015-09-17 15:34:00,304,0
2490,2015-09-17 15:44:00,239,0
2491,2015-09-17 15:54:00,189,0
2492,2015-09-17 16:04:00,194,0
2493,2015-09-17 16:14:00,245,0
2494,2015-09-17 16:24:00,396,0
2495,2015-09-17 16:34:00,385,0
2496,2015-09-17 16:44:00,285,0
2497,2015-09-17 16:50:00,271,0
2498,2015-09-17 17:00:00,308,0
2499,2015-09-17 17:10:00,305,0
