d3mIndex,system,label
0,0.csv,1
1,1.csv,1
2,2.csv,1
3,3.csv,1
4,4.csv,1
5,5.csv,1
6,6.csv,1
7,7.csv,1
8,8.csv,1
9,9.csv,1
10,10.csv,1
11,11.csv,1
12,12.csv,1
13,13.csv,1
14,14.csv,1
15,15.csv,1
16,16.csv,1
17,17.csv,1
18,18.csv,1
19,19.csv,1
20,20.csv,1
21,21.csv,1
22,22.csv,1
23,23.csv,1
24,24.csv,1
25,25.csv,1
26,26.csv,1
27,27.csv,1
28,28.csv,1
29,29.csv,1
30,30.csv,1
31,31.csv,1
32,32.csv,1
33,33.csv,1
34,34.csv,0
35,35.csv,0
36,36.csv,0
37,37.csv,0
38,38.csv,0
39,39.csv,0
40,40.csv,0
41,41.csv,0
42,42.csv,0
43,43.csv,0
44,44.csv,0
45,45.csv,0
46,46.csv,0
47,47.csv,0
48,48.csv,0
49,49.csv,0
50,50.csv,0
51,51.csv,0
52,52.csv,0
53,53.csv,0
54,54.csv,0
55,55.csv,0
56,56.csv,0
57,57.csv,0
58,58.csv,0
59,59.csv,0
60,60.csv,0
61,61.csv,0
62,62.csv,0
63,63.csv,0
64,64.csv,0
65,65.csv,0
66,66.csv,0
67,67.csv,0
68,68.csv,0
69,69.csv,0
70,70.csv,0
71,71.csv,0
72,72.csv,0
73,73.csv,0
74,74.csv,0
75,75.csv,0
76,76.csv,0
77,77.csv,0
78,78.csv,0
79,79.csv,0
80,80.csv,0
81,81.csv,0
82,82.csv,0
83,83.csv,0
84,84.csv,0
85,85.csv,0
86,86.csv,0
87,87.csv,0
88,88.csv,0
89,89.csv,0
90,90.csv,0
91,91.csv,0
92,92.csv,0
93,93.csv,0
94,94.csv,0
95,95.csv,0
96,96.csv,0
97,97.csv,0
98,98.csv,0
99,99.csv,0
100,100.csv,1
101,101.csv,1
102,102.csv,1
103,103.csv,1
104,104.csv,1
105,105.csv,1
106,106.csv,1
107,107.csv,1
108,108.csv,1
109,109.csv,1
110,110.csv,1
111,111.csv,1
112,112.csv,1
113,113.csv,1
114,114.csv,1
115,115.csv,1
116,116.csv,1
117,117.csv,1
118,118.csv,1
119,119.csv,1
120,120.csv,1
121,121.csv,1
122,122.csv,1
123,123.csv,1
124,124.csv,1
125,125.csv,1
126,126.csv,1
127,127.csv,1
128,128.csv,1
129,129.csv,1
130,130.csv,1
131,131.csv,1
132,132.csv,1
133,133.csv,0
134,134.csv,0
135,135.csv,0
136,136.csv,0
137,137.csv,0
138,138.csv,0
139,139.csv,0
140,140.csv,0
141,141.csv,0
142,142.csv,0
143,143.csv,0
144,144.csv,0
145,145.csv,0
146,146.csv,0
147,147.csv,0
148,148.csv,0
149,149.csv,0
150,150.csv,0
151,151.csv,0
152,152.csv,0
153,153.csv,0
154,154.csv,0
155,155.csv,0
156,156.csv,0
157,157.csv,0
158,158.csv,0
159,159.csv,0
160,160.csv,0
161,161.csv,0
162,162.csv,0
163,163.csv,0
164,164.csv,0
165,165.csv,0
166,166.csv,0
167,167.csv,0
168,168.csv,0
169,169.csv,0
170,170.csv,0
171,171.csv,0
172,172.csv,0
173,173.csv,0
174,174.csv,0
175,175.csv,0
176,176.csv,0
177,177.csv,0
178,178.csv,0
179,179.csv,0
180,180.csv,0
181,181.csv,0
182,182.csv,0
183,183.csv,0
184,184.csv,0
185,185.csv,0
186,186.csv,0
187,187.csv,0
188,188.csv,0
189,189.csv,0
190,190.csv,0
191,191.csv,0
192,192.csv,0
193,193.csv,0
194,194.csv,0
195,195.csv,0
196,196.csv,0
197,197.csv,0
198,198.csv,0
199,199.csv,0
